Grupamento de atividade no trabalho principal,Variável,4Tri12,4Tri13,4Tri14,4Tri15,4Tri16,4Tri17,4Tri18,4Tri19,4Tri20,4Tri21,4Tri22
"Administração pública, defesa, seguridade social, educação, saúde humana e serviços sociais",Distribuição percentual das pessoas de 14 anos ou mais de idade ocupadas na semana de referência,"16,1","17,1","17,4","17,2","17,8","16,9","17,4","17,9","19,9","18,2","19,8"
"Administração pública, defesa, seguridade social, educação, saúde humana e serviços sociais",Pessoas de 14 anos ou mais de idade ocupadas na semana de referência,"149,0","156,0","163,0","156,0","155,0","153,0","158,0","171,0","172,0","177,0","191,0"
"Agricultura, pecuária, produção florestal, pesca e aquicultura",Distribuição percentual das pessoas de 14 anos ou mais de idade ocupadas na semana de referência,"16,6","16,6","16,8","17,9","16,8","15,3","13,2","13,4","16,3","15,1","13,0"
"Agricultura, pecuária, produção florestal, pesca e aquicultura",Pessoas de 14 anos ou mais de idade ocupadas na semana de referência,"153,0","152,0","158,0","163,0","146,0","138,0","119,0","128,0","140,0","147,0","126,0"
Alojamento e alimentação,Distribuição percentual das pessoas de 14 anos ou mais de idade ocupadas na semana de referência,"4,4","3,6","4,3","4,1","5,3","5,0","5,0","5,5","5,4","4,4","5,1"
Alojamento e alimentação,Pessoas de 14 anos ou mais de idade ocupadas na semana de referência,"41,0","33,0","41,0","37,0","46,0","45,0","45,0","52,0","46,0","43,0","49,0"
"Comércio, reparação de veículos automotores e motocicletas",Distribuição percentual das pessoas de 14 anos ou mais de idade ocupadas na semana de referência,"18,9","20,3","20,2","20,6","21,3","21,3","21,0","19,9","18,5","21,5","21,0"
"Comércio, reparação de veículos automotores e motocicletas",Pessoas de 14 anos ou mais de idade ocupadas na semana de referência,"175,0","185,0","190,0","187,0","185,0","193,0","190,0","190,0","160,0","210,0","203,0"
Construção,Distribuição percentual das pessoas de 14 anos ou mais de idade ocupadas na semana de referência,"9,7","8,7","7,9","8,9","8,0","7,8","7,2","7,9","6,7","6,8","7,9"
Construção,Pessoas de 14 anos ou mais de idade ocupadas na semana de referência,"90,0","79,0","75,0","81,0","69,0","70,0","65,0","76,0","58,0","67,0","76,0"
Indústria geral,Distribuição percentual das pessoas de 14 anos ou mais de idade ocupadas na semana de referência,"11,8","10,6","10,5","9,7","8,6","8,9","9,8","8,7","8,5","8,8","8,2"
Indústria geral,Pessoas de 14 anos ou mais de idade ocupadas na semana de referência,"109,0","97,0","99,0","88,0","75,0","80,0","88,0","83,0","74,0","86,0","79,0"
"Informação, comunicação e atividades financeiras, imobiliárias, profissionais e administrativas",Distribuição percentual das pessoas de 14 anos ou mais de idade ocupadas na semana de referência,"7,5","7,8","8,8","6,9","7,6","8,6","9,0","9,8","11,5","9,5","9,4"
"Informação, comunicação e atividades financeiras, imobiliárias, profissionais e administrativas",Pessoas de 14 anos ou mais de idade ocupadas na semana de referência,"69,0","71,0","83,0","63,0","66,0","77,0","82,0","94,0","99,0","93,0","90,0"
"Transporte, armazenagem e correio",Distribuição percentual das pessoas de 14 anos ou mais de idade ocupadas na semana de referência,"4,5","4,8","4,8","4,5","4,4","4,3","5,4","4,8","4,4","4,3","4,1"
"Transporte, armazenagem e correio",Pessoas de 14 anos ou mais de idade ocupadas na semana de referência,"41,0","44,0","45,0","41,0","39,0","39,0","48,0","46,0","38,0","42,0","40,0"
