ANO,MÊS,GRANDE REGIÃO,UNIDADE DA FEDERAÇÃO,PRODUTO,PRODUÇÃO
1997,DEZ,REGIÃO NORDESTE,SERGIPE,LGN,"23230,0"
1997,JAN,REGIÃO NORDESTE,SERGIPE,LGN,"18978,0"
1997,FEV,REGIÃO NORDESTE,SERGIPE,LGN,"19007,0"
1997,MAR,REGIÃO NORDESTE,SERGIPE,LGN,"19807,0"
1997,ABR,REGIÃO NORDESTE,SERGIPE,LGN,"20951,0"
1997,SET,REGIÃO NORDESTE,SERGIPE,LGN,"22749,0"
1997,OUT,REGIÃO NORDESTE,SERGIPE,LGN,"21890,0"
1997,NOV,REGIÃO NORDESTE,SERGIPE,LGN,"22027,0"
1997,AGO,REGIÃO NORDESTE,SERGIPE,LGN,"24698,0"
1997,MAI,REGIÃO NORDESTE,SERGIPE,LGN,"24757,0"
1997,JUN,REGIÃO NORDESTE,SERGIPE,LGN,"22449,0"
1997,JUL,REGIÃO NORDESTE,SERGIPE,LGN,"23232,0"
1998,AGO,REGIÃO NORDESTE,SERGIPE,LGN,"155346,0346"
1998,JUL,REGIÃO NORDESTE,SERGIPE,LGN,"146125,1549"
1998,JUN,REGIÃO NORDESTE,SERGIPE,LGN,"141200,2239"
1998,SET,REGIÃO NORDESTE,SERGIPE,LGN,"143087,1706"
1998,NOV,REGIÃO NORDESTE,SERGIPE,LGN,"138545,9188"
1998,OUT,REGIÃO NORDESTE,SERGIPE,LGN,"137684,2132"
1998,JAN,REGIÃO NORDESTE,SERGIPE,LGN,"119368,2502"
1998,FEV,REGIÃO NORDESTE,SERGIPE,LGN,"119550,6551"
1998,MAI,REGIÃO NORDESTE,SERGIPE,LGN,"155717,1341"
1998,ABR,REGIÃO NORDESTE,SERGIPE,LGN,"131778,0699"
1998,MAR,REGIÃO NORDESTE,SERGIPE,LGN,"124582,513"
1998,DEZ,REGIÃO NORDESTE,SERGIPE,LGN,"146112,5752"
1999,DEZ,REGIÃO NORDESTE,SERGIPE,LGN,"24640,0"
1999,JAN,REGIÃO NORDESTE,SERGIPE,LGN,"24629,0"
1999,FEV,REGIÃO NORDESTE,SERGIPE,LGN,"22448,0"
1999,MAR,REGIÃO NORDESTE,SERGIPE,LGN,"25737,0"
1999,ABR,REGIÃO NORDESTE,SERGIPE,LGN,"24546,0"
1999,SET,REGIÃO NORDESTE,SERGIPE,LGN,"24686,0"
1999,OUT,REGIÃO NORDESTE,SERGIPE,LGN,"25601,0"
1999,NOV,REGIÃO NORDESTE,SERGIPE,LGN,"25481,0"
1999,AGO,REGIÃO NORDESTE,SERGIPE,LGN,"23247,0"
1999,MAI,REGIÃO NORDESTE,SERGIPE,LGN,"25678,0"
1999,JUN,REGIÃO NORDESTE,SERGIPE,LGN,"24653,0"
1999,JUL,REGIÃO NORDESTE,SERGIPE,LGN,"22323,0"
2000,DEZ,REGIÃO NORDESTE,SERGIPE,LGN,"26071,0"
2000,FEV,REGIÃO NORDESTE,SERGIPE,LGN,"25123,0"
2000,MAR,REGIÃO NORDESTE,SERGIPE,LGN,"26572,0"
2000,ABR,REGIÃO NORDESTE,SERGIPE,LGN,"25440,0"
2000,JAN,REGIÃO NORDESTE,SERGIPE,LGN,"26480,0"
2000,SET,REGIÃO NORDESTE,SERGIPE,LGN,"26129,0"
2000,OUT,REGIÃO NORDESTE,SERGIPE,LGN,"26965,0"
2000,NOV,REGIÃO NORDESTE,SERGIPE,LGN,"13928,0"
2000,AGO,REGIÃO NORDESTE,SERGIPE,LGN,"27353,0"
2000,MAI,REGIÃO NORDESTE,SERGIPE,LGN,"26406,0"
2000,JUN,REGIÃO NORDESTE,SERGIPE,LGN,"26044,0"
2000,JUL,REGIÃO NORDESTE,SERGIPE,LGN,"26914,0"
2001,AGO,REGIÃO NORDESTE,SERGIPE,LGN,"26465,0"
2001,JUL,REGIÃO NORDESTE,SERGIPE,LGN,"27236,0"
2001,JUN,REGIÃO NORDESTE,SERGIPE,LGN,"25806,0"
2001,SET,REGIÃO NORDESTE,SERGIPE,LGN,"23625,0"
2001,NOV,REGIÃO NORDESTE,SERGIPE,LGN,"25852,0"
2001,OUT,REGIÃO NORDESTE,SERGIPE,LGN,"26322,0"
2001,JAN,REGIÃO NORDESTE,SERGIPE,LGN,"26536,0"
2001,FEV,REGIÃO NORDESTE,SERGIPE,LGN,"23797,0"
2001,MAI,REGIÃO NORDESTE,SERGIPE,LGN,"22691,0"
2001,ABR,REGIÃO NORDESTE,SERGIPE,LGN,"18378,0"
2001,MAR,REGIÃO NORDESTE,SERGIPE,LGN,"25605,0"
2001,DEZ,REGIÃO NORDESTE,SERGIPE,LGN,"26876,0"
2002,DEZ,REGIÃO NORDESTE,SERGIPE,LGN,"24957,0"
2002,NOV,REGIÃO NORDESTE,SERGIPE,LGN,"24648,0"
2002,JAN,REGIÃO NORDESTE,SERGIPE,LGN,"27239,0"
2002,FEV,REGIÃO NORDESTE,SERGIPE,LGN,"24096,0"
2002,MAR,REGIÃO NORDESTE,SERGIPE,LGN,"25381,0"
2002,AGO,REGIÃO NORDESTE,SERGIPE,LGN,"25580,0"
2002,SET,REGIÃO NORDESTE,SERGIPE,LGN,"24400,0"
2002,OUT,REGIÃO NORDESTE,SERGIPE,LGN,"24992,0"
2002,JUL,REGIÃO NORDESTE,SERGIPE,LGN,"25911,0"
2002,ABR,REGIÃO NORDESTE,SERGIPE,LGN,"23065,0"
2002,MAI,REGIÃO NORDESTE,SERGIPE,LGN,"24983,0"
2002,JUN,REGIÃO NORDESTE,SERGIPE,LGN,"24854,0"
2003,MAI,REGIÃO NORDESTE,SERGIPE,LGN,"23510,0"
2003,JUN,REGIÃO NORDESTE,SERGIPE,LGN,"22761,0"
2003,JUL,REGIÃO NORDESTE,SERGIPE,LGN,"23560,0"
2003,ABR,REGIÃO NORDESTE,SERGIPE,LGN,"20841,0"
2003,JAN,REGIÃO NORDESTE,SERGIPE,LGN,"24971,0"
2003,FEV,REGIÃO NORDESTE,SERGIPE,LGN,"20388,0"
2003,MAR,REGIÃO NORDESTE,SERGIPE,LGN,"25907,0"
2003,DEZ,REGIÃO NORDESTE,SERGIPE,LGN,"24965,0"
2003,NOV,REGIÃO NORDESTE,SERGIPE,LGN,"24041,0"
2003,AGO,REGIÃO NORDESTE,SERGIPE,LGN,"25463,0"
2003,SET,REGIÃO NORDESTE,SERGIPE,LGN,"24294,0"
2003,OUT,REGIÃO NORDESTE,SERGIPE,LGN,"24023,0"
2004,OUT,REGIÃO NORDESTE,SERGIPE,LGN,"25566,0"
2004,SET,REGIÃO NORDESTE,SERGIPE,LGN,"24720,0"
2004,AGO,REGIÃO NORDESTE,SERGIPE,LGN,"25873,0"
2004,NOV,REGIÃO NORDESTE,SERGIPE,LGN,"24463,0"
2004,DEZ,REGIÃO NORDESTE,SERGIPE,LGN,"25343,0"
2004,JUL,REGIÃO NORDESTE,SERGIPE,LGN,"24979,0"
2004,FEV,REGIÃO NORDESTE,SERGIPE,LGN,"23497,0"
2004,JAN,REGIÃO NORDESTE,SERGIPE,LGN,"23975,0"
2004,MAR,REGIÃO NORDESTE,SERGIPE,LGN,"25118,0"
2004,JUN,REGIÃO NORDESTE,SERGIPE,LGN,"23413,0"
2004,MAI,REGIÃO NORDESTE,SERGIPE,LGN,"21313,0"
2004,ABR,REGIÃO NORDESTE,SERGIPE,LGN,"24411,0"
2005,ABR,REGIÃO NORDESTE,SERGIPE,LGN,"23924,0"
2005,MAI,REGIÃO NORDESTE,SERGIPE,LGN,"24053,0"
2005,JUN,REGIÃO NORDESTE,SERGIPE,LGN,"24359,0"
2005,MAR,REGIÃO NORDESTE,SERGIPE,LGN,"24836,0"
2005,JAN,REGIÃO NORDESTE,SERGIPE,LGN,"24972,0"
2005,FEV,REGIÃO NORDESTE,SERGIPE,LGN,"22710,0"
2005,NOV,REGIÃO NORDESTE,SERGIPE,LGN,"24169,0"
2005,DEZ,REGIÃO NORDESTE,SERGIPE,LGN,"24602,0"
2005,OUT,REGIÃO NORDESTE,SERGIPE,LGN,"26281,0"
2005,JUL,REGIÃO NORDESTE,SERGIPE,LGN,"25582,0"
2005,AGO,REGIÃO NORDESTE,SERGIPE,LGN,"25213,0"
2005,SET,REGIÃO NORDESTE,SERGIPE,LGN,"24180,0"
2006,MAI,REGIÃO NORDESTE,SERGIPE,LGN,"25719,0"
2006,JUN,REGIÃO NORDESTE,SERGIPE,LGN,"25090,0"
2006,JUL,REGIÃO NORDESTE,SERGIPE,LGN,"25344,0"
2006,ABR,REGIÃO NORDESTE,SERGIPE,LGN,"24527,0"
2006,JAN,REGIÃO NORDESTE,SERGIPE,LGN,"24843,0"
2006,FEV,REGIÃO NORDESTE,SERGIPE,LGN,"23056,0"
2006,MAR,REGIÃO NORDESTE,SERGIPE,LGN,"11740,0"
2006,DEZ,REGIÃO NORDESTE,SERGIPE,LGN,"25271,0"
2006,NOV,REGIÃO NORDESTE,SERGIPE,LGN,"23278,0"
2006,AGO,REGIÃO NORDESTE,SERGIPE,LGN,"25491,0"
2006,SET,REGIÃO NORDESTE,SERGIPE,LGN,"24562,0"
2006,OUT,REGIÃO NORDESTE,SERGIPE,LGN,"23622,0"
2007,SET,REGIÃO NORDESTE,SERGIPE,LGN,"24017,0"
2007,AGO,REGIÃO NORDESTE,SERGIPE,LGN,"23805,0"
2007,JUL,REGIÃO NORDESTE,SERGIPE,LGN,"23875,0"
2007,OUT,REGIÃO NORDESTE,SERGIPE,LGN,"23866,0"
2007,DEZ,REGIÃO NORDESTE,SERGIPE,LGN,"22898,0"
2007,NOV,REGIÃO NORDESTE,SERGIPE,LGN,"22033,0"
2007,JUN,REGIÃO NORDESTE,SERGIPE,LGN,"22080,0"
2007,JAN,REGIÃO NORDESTE,SERGIPE,LGN,"25496,0"
2007,FEV,REGIÃO NORDESTE,SERGIPE,LGN,"21968,0"
2007,MAI,REGIÃO NORDESTE,SERGIPE,LGN,"18737,0"
2007,ABR,REGIÃO NORDESTE,SERGIPE,LGN,"21384,0"
2007,MAR,REGIÃO NORDESTE,SERGIPE,LGN,"24212,0"
2008,MAR,REGIÃO NORDESTE,SERGIPE,LGN,"22425,0"
2008,ABR,REGIÃO NORDESTE,SERGIPE,LGN,"22341,0"
2008,MAI,REGIÃO NORDESTE,SERGIPE,LGN,"22333,0"
2008,FEV,REGIÃO NORDESTE,SERGIPE,LGN,"20461,0"
2008,JAN,REGIÃO NORDESTE,SERGIPE,LGN,"22454,0"
2008,JUN,REGIÃO NORDESTE,SERGIPE,LGN,"21446,001"
2008,NOV,REGIÃO NORDESTE,SERGIPE,LGN,"20454,0"
2008,DEZ,REGIÃO NORDESTE,SERGIPE,LGN,"21243,0011"
2008,OUT,REGIÃO NORDESTE,SERGIPE,LGN,"19738,9989"
2008,JUL,REGIÃO NORDESTE,SERGIPE,LGN,"22084,0001"
2008,AGO,REGIÃO NORDESTE,SERGIPE,LGN,"23413,9993"
2008,SET,REGIÃO NORDESTE,SERGIPE,LGN,"21581,001"
2009,DEZ,REGIÃO NORDESTE,SERGIPE,LGN,"20058,9995"
2009,JAN,REGIÃO NORDESTE,SERGIPE,LGN,"22225,0005"
2009,FEV,REGIÃO NORDESTE,SERGIPE,LGN,"18858,9996"
2009,MAR,REGIÃO NORDESTE,SERGIPE,LGN,"21078,9987"
2009,ABR,REGIÃO NORDESTE,SERGIPE,LGN,"20352,999"
2009,SET,REGIÃO NORDESTE,SERGIPE,LGN,"19464,0"
2009,OUT,REGIÃO NORDESTE,SERGIPE,LGN,"19538,0011"
2009,NOV,REGIÃO NORDESTE,SERGIPE,LGN,"19530,0"
2009,AGO,REGIÃO NORDESTE,SERGIPE,LGN,"19636,0014"
2009,MAI,REGIÃO NORDESTE,SERGIPE,LGN,"20487,001"
2009,JUN,REGIÃO NORDESTE,SERGIPE,LGN,"20096,001"
2009,JUL,REGIÃO NORDESTE,SERGIPE,LGN,"20578,0015"
2010,FEV,REGIÃO NORDESTE,SERGIPE,LGN,"17250,0"
2010,MAR,REGIÃO NORDESTE,SERGIPE,LGN,"18557,0"
2010,ABR,REGIÃO NORDESTE,SERGIPE,LGN,"18477,0"
2010,JAN,REGIÃO NORDESTE,SERGIPE,LGN,"19822,0"
2010,MAI,REGIÃO NORDESTE,SERGIPE,LGN,"19225,0"
2010,OUT,REGIÃO NORDESTE,SERGIPE,LGN,"19679,0"
2010,NOV,REGIÃO NORDESTE,SERGIPE,LGN,"18252,0"
2010,DEZ,REGIÃO NORDESTE,SERGIPE,LGN,"19253,0"
2010,SET,REGIÃO NORDESTE,SERGIPE,LGN,"18162,0"
2010,JUN,REGIÃO NORDESTE,SERGIPE,LGN,"18899,0"
2010,JUL,REGIÃO NORDESTE,SERGIPE,LGN,"19943,0"
2010,AGO,REGIÃO NORDESTE,SERGIPE,LGN,"19472,0"
2011,FEV,REGIÃO NORDESTE,SERGIPE,LGN,"15945,6"
2011,MAR,REGIÃO NORDESTE,SERGIPE,LGN,"10940,8"
2011,ABR,REGIÃO NORDESTE,SERGIPE,LGN,"14211,9"
2011,JAN,REGIÃO NORDESTE,SERGIPE,LGN,"18522,8"
2011,MAI,REGIÃO NORDESTE,SERGIPE,LGN,"17668,9"
2011,OUT,REGIÃO NORDESTE,SERGIPE,LGN,"16134,4"
2011,NOV,REGIÃO NORDESTE,SERGIPE,LGN,"15787,4"
2011,DEZ,REGIÃO NORDESTE,SERGIPE,LGN,"16836,5"
2011,SET,REGIÃO NORDESTE,SERGIPE,LGN,"15096,4"
2011,JUN,REGIÃO NORDESTE,SERGIPE,LGN,"15871,3"
2011,JUL,REGIÃO NORDESTE,SERGIPE,LGN,"14478,2"
2011,AGO,REGIÃO NORDESTE,SERGIPE,LGN,"15656,1"
2012,AGO,REGIÃO NORDESTE,SERGIPE,LGN,"16193,1"
2012,JUL,REGIÃO NORDESTE,SERGIPE,LGN,"12701,4"
2012,JUN,REGIÃO NORDESTE,SERGIPE,LGN,"10851,8"
2012,SET,REGIÃO NORDESTE,SERGIPE,LGN,"12246,0"
2012,DEZ,REGIÃO NORDESTE,SERGIPE,LGN,"17393,3"
2012,NOV,REGIÃO NORDESTE,SERGIPE,LGN,"16574,9"
2012,OUT,REGIÃO NORDESTE,SERGIPE,LGN,"13682,2"
2012,MAI,REGIÃO NORDESTE,SERGIPE,LGN,"10692,0"
2012,JAN,REGIÃO NORDESTE,SERGIPE,LGN,"16058,3"
2012,ABR,REGIÃO NORDESTE,SERGIPE,LGN,"10707,1"
2012,MAR,REGIÃO NORDESTE,SERGIPE,LGN,"14311,3"
2012,FEV,REGIÃO NORDESTE,SERGIPE,LGN,"14260,4"
2013,FEV,REGIÃO NORDESTE,SERGIPE,LGN,"14992,1"
2013,MAR,REGIÃO NORDESTE,SERGIPE,LGN,"15537,2"
2013,ABR,REGIÃO NORDESTE,SERGIPE,LGN,"15186,2"
2013,JAN,REGIÃO NORDESTE,SERGIPE,LGN,"16653,1"
2013,SET,REGIÃO NORDESTE,SERGIPE,LGN,"14777,2"
2013,OUT,REGIÃO NORDESTE,SERGIPE,LGN,"14495,7"
2013,DEZ,REGIÃO NORDESTE,SERGIPE,LGN,"15576,1"
2013,AGO,REGIÃO NORDESTE,SERGIPE,LGN,"14998,4"
2013,MAI,REGIÃO NORDESTE,SERGIPE,LGN,"14825,2"
2013,JUN,REGIÃO NORDESTE,SERGIPE,LGN,"15355,6"
2013,JUL,REGIÃO NORDESTE,SERGIPE,LGN,"15326,3"
2013,NOV,REGIÃO NORDESTE,SERGIPE,LGN,"14997,2"
2014,DEZ,REGIÃO NORDESTE,SERGIPE,LGN,"13264,2"
2014,JAN,REGIÃO NORDESTE,SERGIPE,LGN,"15019,1"
2014,FEV,REGIÃO NORDESTE,SERGIPE,LGN,"13542,3"
2014,MAR,REGIÃO NORDESTE,SERGIPE,LGN,"15178,7"
2014,ABR,REGIÃO NORDESTE,SERGIPE,LGN,"15228,7"
2014,SET,REGIÃO NORDESTE,SERGIPE,LGN,"13936,6"
2014,OUT,REGIÃO NORDESTE,SERGIPE,LGN,"14384,8"
2014,NOV,REGIÃO NORDESTE,SERGIPE,LGN,"11227,8"
2014,AGO,REGIÃO NORDESTE,SERGIPE,LGN,"14545,5"
2014,MAI,REGIÃO NORDESTE,SERGIPE,LGN,"16141,5"
2014,JUN,REGIÃO NORDESTE,SERGIPE,LGN,"14977,9"
2014,JUL,REGIÃO NORDESTE,SERGIPE,LGN,"14900,7"
2015,FEV,REGIÃO NORDESTE,SERGIPE,LGN,"13004,4"
2015,MAR,REGIÃO NORDESTE,SERGIPE,LGN,"14916,8"
2015,ABR,REGIÃO NORDESTE,SERGIPE,LGN,"13917,8"
2015,JAN,REGIÃO NORDESTE,SERGIPE,LGN,"14478,2"
2015,MAI,REGIÃO NORDESTE,SERGIPE,LGN,"12823,9"
2015,OUT,REGIÃO NORDESTE,SERGIPE,LGN,"11384,7"
2015,NOV,REGIÃO NORDESTE,SERGIPE,LGN,"5361,7"
2015,DEZ,REGIÃO NORDESTE,SERGIPE,LGN,"9425,7"
2015,SET,REGIÃO NORDESTE,SERGIPE,LGN,"11927,3"
2015,JUN,REGIÃO NORDESTE,SERGIPE,LGN,"12385,6"
2015,JUL,REGIÃO NORDESTE,SERGIPE,LGN,"11946,4"
2015,AGO,REGIÃO NORDESTE,SERGIPE,LGN,"11403,3"
2016,JUL,REGIÃO NORDESTE,SERGIPE,LGN,"9093,8"
2016,JUN,REGIÃO NORDESTE,SERGIPE,LGN,"8134,5"
2016,MAI,REGIÃO NORDESTE,SERGIPE,LGN,"9412,3"
2016,AGO,REGIÃO NORDESTE,SERGIPE,LGN,"9273,8"
2016,NOV,REGIÃO NORDESTE,SERGIPE,LGN,"7657,6"
2016,OUT,REGIÃO NORDESTE,SERGIPE,LGN,"8933,1"
2016,SET,REGIÃO NORDESTE,SERGIPE,LGN,"8977,3"
2016,JAN,REGIÃO NORDESTE,SERGIPE,LGN,"9118,2"
2016,ABR,REGIÃO NORDESTE,SERGIPE,LGN,"9074,1"
2016,MAR,REGIÃO NORDESTE,SERGIPE,LGN,"9861,1"
2016,FEV,REGIÃO NORDESTE,SERGIPE,LGN,"8886,4"
2016,DEZ,REGIÃO NORDESTE,SERGIPE,LGN,"3213,5"
2017,AGO,REGIÃO NORDESTE,SERGIPE,LGN,"7185,4"
2017,JUL,REGIÃO NORDESTE,SERGIPE,LGN,"6753,2"
2017,JUN,REGIÃO NORDESTE,SERGIPE,LGN,"6679,0"
2017,SET,REGIÃO NORDESTE,SERGIPE,LGN,"7191,4"
2017,DEZ,REGIÃO NORDESTE,SERGIPE,LGN,"9617,7"
2017,NOV,REGIÃO NORDESTE,SERGIPE,LGN,"7720,9"
2017,OUT,REGIÃO NORDESTE,SERGIPE,LGN,"7765,07"
2017,MAI,REGIÃO NORDESTE,SERGIPE,LGN,"6777,0"
2017,JAN,REGIÃO NORDESTE,SERGIPE,LGN,"7743,8"
2017,ABR,REGIÃO NORDESTE,SERGIPE,LGN,"6856,1"
2017,MAR,REGIÃO NORDESTE,SERGIPE,LGN,"7180,0"
2017,FEV,REGIÃO NORDESTE,SERGIPE,LGN,"6279,5"
2018,ABR,REGIÃO NORDESTE,SERGIPE,LGN,"6020,0"
2018,MAI,REGIÃO NORDESTE,SERGIPE,LGN,"5549,7"
2018,JUN,REGIÃO NORDESTE,SERGIPE,LGN,"5487,042"
2018,MAR,REGIÃO NORDESTE,SERGIPE,LGN,"6426,258"
2018,JAN,REGIÃO NORDESTE,SERGIPE,LGN,"7289,478"
2018,FEV,REGIÃO NORDESTE,SERGIPE,LGN,"6141,6"
2018,JUL,REGIÃO NORDESTE,SERGIPE,LGN,"5621,504"
2018,DEZ,REGIÃO NORDESTE,SERGIPE,LGN,"6061,0"
2018,NOV,REGIÃO NORDESTE,SERGIPE,LGN,"5685,5"
2018,AGO,REGIÃO NORDESTE,SERGIPE,LGN,"5969,0"
2018,SET,REGIÃO NORDESTE,SERGIPE,LGN,"5970,399"
2018,OUT,REGIÃO NORDESTE,SERGIPE,LGN,"5916,66"
2019,MAI,REGIÃO NORDESTE,SERGIPE,LGN,"5361,2"
2019,JUN,REGIÃO NORDESTE,SERGIPE,LGN,"4716,577"
2019,JUL,REGIÃO NORDESTE,SERGIPE,LGN,"4524,82"
2019,ABR,REGIÃO NORDESTE,SERGIPE,LGN,"5391,2"
2019,JAN,REGIÃO NORDESTE,SERGIPE,LGN,"5711,1"
2019,FEV,REGIÃO NORDESTE,SERGIPE,LGN,"3997,1"
2019,MAR,REGIÃO NORDESTE,SERGIPE,LGN,"4734,9"
2019,DEZ,REGIÃO NORDESTE,SERGIPE,LGN,"4830,4"
2019,NOV,REGIÃO NORDESTE,SERGIPE,LGN,"3812,4"
2019,AGO,REGIÃO NORDESTE,SERGIPE,LGN,"4054,5"
2019,SET,REGIÃO NORDESTE,SERGIPE,LGN,"3820,9"
2019,OUT,REGIÃO NORDESTE,SERGIPE,LGN,"4339,8"
2020,MAR,REGIÃO NORDESTE,SERGIPE,LGN,"5496,0"
2020,ABR,REGIÃO NORDESTE,SERGIPE,LGN,"0,0"
2020,MAI,REGIÃO NORDESTE,SERGIPE,LGN,"0,0"
2020,FEV,REGIÃO NORDESTE,SERGIPE,LGN,"5762,358"
2020,JAN,REGIÃO NORDESTE,SERGIPE,LGN,"5560,337"
2020,JUN,REGIÃO NORDESTE,SERGIPE,LGN,"0,0"
2020,NOV,REGIÃO NORDESTE,SERGIPE,LGN,"0,0"
2020,DEZ,REGIÃO NORDESTE,SERGIPE,LGN,"0,0"
2020,OUT,REGIÃO NORDESTE,SERGIPE,LGN,"0,0"
2020,JUL,REGIÃO NORDESTE,SERGIPE,LGN,"0,0"
2020,AGO,REGIÃO NORDESTE,SERGIPE,LGN,"0,0"
2020,SET,REGIÃO NORDESTE,SERGIPE,LGN,"0,0"
2021,MAR,REGIÃO NORDESTE,SERGIPE,LGN,"0,0"
2021,ABR,REGIÃO NORDESTE,SERGIPE,LGN,"0,0"
2021,MAI,REGIÃO NORDESTE,SERGIPE,LGN,"0,0"
2021,FEV,REGIÃO NORDESTE,SERGIPE,LGN,"0,0"
2021,JAN,REGIÃO NORDESTE,SERGIPE,LGN,"0,0"
2021,JUN,REGIÃO NORDESTE,SERGIPE,LGN,"0,0"
2021,NOV,REGIÃO NORDESTE,SERGIPE,LGN,"0,0"
2021,DEZ,REGIÃO NORDESTE,SERGIPE,LGN,"0,0"
2021,OUT,REGIÃO NORDESTE,SERGIPE,LGN,"0,0"
2021,JUL,REGIÃO NORDESTE,SERGIPE,LGN,"0,0"
2021,AGO,REGIÃO NORDESTE,SERGIPE,LGN,"0,0"
2021,SET,REGIÃO NORDESTE,SERGIPE,LGN,"0,0"
2022,JUN,REGIÃO NORDESTE,SERGIPE,LGN,"0,0"
2022,JUL,REGIÃO NORDESTE,SERGIPE,LGN,"0,0"
2022,MAI,REGIÃO NORDESTE,SERGIPE,LGN,"0,0"
2022,MAR,REGIÃO NORDESTE,SERGIPE,LGN,"0,0"
2022,ABR,REGIÃO NORDESTE,SERGIPE,LGN,"0,0"
2022,NOV,REGIÃO NORDESTE,SERGIPE,LGN,"0,0"
2022,DEZ,REGIÃO NORDESTE,SERGIPE,LGN,"0,0"
2022,OUT,REGIÃO NORDESTE,SERGIPE,LGN,"0,0"
2022,AGO,REGIÃO NORDESTE,SERGIPE,LGN,"0,0"
2022,SET,REGIÃO NORDESTE,SERGIPE,LGN,"0,0"
2022,JAN,REGIÃO NORDESTE,SERGIPE,LGN,"0,0"
2022,FEV,REGIÃO NORDESTE,SERGIPE,LGN,"0,0"
2023,FEV,REGIÃO NORDESTE,SERGIPE,LGN,"0,0"
2023,MAR,REGIÃO NORDESTE,SERGIPE,LGN,"0,0"
2023,JAN,REGIÃO NORDESTE,SERGIPE,LGN,"0,0"
2023,JUL,REGIÃO NORDESTE,SERGIPE,LGN,"0,0"
2023,AGO,REGIÃO NORDESTE,SERGIPE,LGN,"0,0"
2023,JUN,REGIÃO NORDESTE,SERGIPE,LGN,"0,0"
2023,ABR,REGIÃO NORDESTE,SERGIPE,LGN,"0,0"
2023,MAI,REGIÃO NORDESTE,SERGIPE,LGN,"0,0"
