ANO,MÊS,GRANDE REGIÃO,UNIDADE DA FEDERAÇÃO,PRODUTO,LOCALIZAÇÃO,PRODUÇÃO
1997,JAN,REGIÃO NORDESTE,SERGIPE,GÁS NATURAL,MAR,"52113,0"
1997,FEV,REGIÃO NORDESTE,SERGIPE,GÁS NATURAL,MAR,"56233,0"
1997,MAR,REGIÃO NORDESTE,SERGIPE,GÁS NATURAL,MAR,"54736,0"
1997,ABR,REGIÃO NORDESTE,SERGIPE,GÁS NATURAL,MAR,"53883,0"
1997,MAI,REGIÃO NORDESTE,SERGIPE,GÁS NATURAL,MAR,"53694,0"
1997,JUN,REGIÃO NORDESTE,SERGIPE,GÁS NATURAL,MAR,"58893,0"
1997,JUL,REGIÃO NORDESTE,SERGIPE,GÁS NATURAL,MAR,"60103,0"
1997,AGO,REGIÃO NORDESTE,SERGIPE,GÁS NATURAL,MAR,"55382,0"
1997,SET,REGIÃO NORDESTE,SERGIPE,GÁS NATURAL,MAR,"57066,0"
1997,OUT,REGIÃO NORDESTE,SERGIPE,GÁS NATURAL,MAR,"57270,0"
1997,NOV,REGIÃO NORDESTE,SERGIPE,GÁS NATURAL,MAR,"52803,0"
1997,DEZ,REGIÃO NORDESTE,SERGIPE,GÁS NATURAL,MAR,"58647,0"
1997,JAN,REGIÃO NORDESTE,SERGIPE,GÁS NATURAL,TERRA,"6775,0"
1997,FEV,REGIÃO NORDESTE,SERGIPE,GÁS NATURAL,TERRA,"5122,0"
1997,MAR,REGIÃO NORDESTE,SERGIPE,GÁS NATURAL,TERRA,"5873,0"
1997,ABR,REGIÃO NORDESTE,SERGIPE,GÁS NATURAL,TERRA,"5756,0"
1997,MAI,REGIÃO NORDESTE,SERGIPE,GÁS NATURAL,TERRA,"5709,0"
1997,JUN,REGIÃO NORDESTE,SERGIPE,GÁS NATURAL,TERRA,"6238,0"
1997,JUL,REGIÃO NORDESTE,SERGIPE,GÁS NATURAL,TERRA,"6210,0"
1997,AGO,REGIÃO NORDESTE,SERGIPE,GÁS NATURAL,TERRA,"5449,0"
1997,SET,REGIÃO NORDESTE,SERGIPE,GÁS NATURAL,TERRA,"5344,0"
1997,OUT,REGIÃO NORDESTE,SERGIPE,GÁS NATURAL,TERRA,"5310,0"
1997,NOV,REGIÃO NORDESTE,SERGIPE,GÁS NATURAL,TERRA,"5359,0"
1997,DEZ,REGIÃO NORDESTE,SERGIPE,GÁS NATURAL,TERRA,"6853,0"
1998,JAN,REGIÃO NORDESTE,SERGIPE,GÁS NATURAL,MAR,"62680,0"
1998,FEV,REGIÃO NORDESTE,SERGIPE,GÁS NATURAL,MAR,"56021,0"
1998,MAR,REGIÃO NORDESTE,SERGIPE,GÁS NATURAL,MAR,"65150,0"
1998,ABR,REGIÃO NORDESTE,SERGIPE,GÁS NATURAL,MAR,"61945,0"
1998,MAI,REGIÃO NORDESTE,SERGIPE,GÁS NATURAL,MAR,"63476,0"
1998,JUN,REGIÃO NORDESTE,SERGIPE,GÁS NATURAL,MAR,"67484,0"
1998,JUL,REGIÃO NORDESTE,SERGIPE,GÁS NATURAL,MAR,"59957,0"
1998,AGO,REGIÃO NORDESTE,SERGIPE,GÁS NATURAL,MAR,"57333,0"
1998,SET,REGIÃO NORDESTE,SERGIPE,GÁS NATURAL,MAR,"59982,0"
1998,OUT,REGIÃO NORDESTE,SERGIPE,GÁS NATURAL,MAR,"63480,0"
1998,NOV,REGIÃO NORDESTE,SERGIPE,GÁS NATURAL,MAR,"63510,0"
1998,DEZ,REGIÃO NORDESTE,SERGIPE,GÁS NATURAL,MAR,"61359,0"
1998,JAN,REGIÃO NORDESTE,SERGIPE,GÁS NATURAL,TERRA,"6526,0"
1998,FEV,REGIÃO NORDESTE,SERGIPE,GÁS NATURAL,TERRA,"5063,0"
1998,MAR,REGIÃO NORDESTE,SERGIPE,GÁS NATURAL,TERRA,"5056,0"
1998,ABR,REGIÃO NORDESTE,SERGIPE,GÁS NATURAL,TERRA,"5085,0"
1998,MAI,REGIÃO NORDESTE,SERGIPE,GÁS NATURAL,TERRA,"5220,0"
1998,JUN,REGIÃO NORDESTE,SERGIPE,GÁS NATURAL,TERRA,"5167,0"
1998,JUL,REGIÃO NORDESTE,SERGIPE,GÁS NATURAL,TERRA,"5233,0"
1998,AGO,REGIÃO NORDESTE,SERGIPE,GÁS NATURAL,TERRA,"5340,0"
1998,SET,REGIÃO NORDESTE,SERGIPE,GÁS NATURAL,TERRA,"5350,0"
1998,OUT,REGIÃO NORDESTE,SERGIPE,GÁS NATURAL,TERRA,"5741,0"
1998,NOV,REGIÃO NORDESTE,SERGIPE,GÁS NATURAL,TERRA,"5322,0"
1998,DEZ,REGIÃO NORDESTE,SERGIPE,GÁS NATURAL,TERRA,"5593,0"
1999,JAN,REGIÃO NORDESTE,SERGIPE,GÁS NATURAL,MAR,"65024,88"
1999,FEV,REGIÃO NORDESTE,SERGIPE,GÁS NATURAL,MAR,"54493,9"
1999,MAR,REGIÃO NORDESTE,SERGIPE,GÁS NATURAL,MAR,"66119,51"
1999,ABR,REGIÃO NORDESTE,SERGIPE,GÁS NATURAL,MAR,"64790,0"
1999,MAI,REGIÃO NORDESTE,SERGIPE,GÁS NATURAL,MAR,"65348,0"
1999,JUN,REGIÃO NORDESTE,SERGIPE,GÁS NATURAL,MAR,"69871,0"
1999,JUL,REGIÃO NORDESTE,SERGIPE,GÁS NATURAL,MAR,"66356,0"
1999,AGO,REGIÃO NORDESTE,SERGIPE,GÁS NATURAL,MAR,"69177,0"
1999,SET,REGIÃO NORDESTE,SERGIPE,GÁS NATURAL,MAR,"68212,0"
1999,OUT,REGIÃO NORDESTE,SERGIPE,GÁS NATURAL,MAR,"74065,0"
1999,NOV,REGIÃO NORDESTE,SERGIPE,GÁS NATURAL,MAR,"71313,0"
1999,DEZ,REGIÃO NORDESTE,SERGIPE,GÁS NATURAL,MAR,"71585,0"
1999,JAN,REGIÃO NORDESTE,SERGIPE,GÁS NATURAL,TERRA,"5713,33"
1999,FEV,REGIÃO NORDESTE,SERGIPE,GÁS NATURAL,TERRA,"4923,635"
1999,MAR,REGIÃO NORDESTE,SERGIPE,GÁS NATURAL,TERRA,"5089,6204"
1999,ABR,REGIÃO NORDESTE,SERGIPE,GÁS NATURAL,TERRA,"4669,2803"
1999,MAI,REGIÃO NORDESTE,SERGIPE,GÁS NATURAL,TERRA,"4870,8159"
1999,JUN,REGIÃO NORDESTE,SERGIPE,GÁS NATURAL,TERRA,"4623,2819"
1999,JUL,REGIÃO NORDESTE,SERGIPE,GÁS NATURAL,TERRA,"4976,7369"
1999,AGO,REGIÃO NORDESTE,SERGIPE,GÁS NATURAL,TERRA,"5174,0272"
1999,SET,REGIÃO NORDESTE,SERGIPE,GÁS NATURAL,TERRA,"5703,4493"
1999,OUT,REGIÃO NORDESTE,SERGIPE,GÁS NATURAL,TERRA,"4441,621"
1999,NOV,REGIÃO NORDESTE,SERGIPE,GÁS NATURAL,TERRA,"4722,52"
1999,DEZ,REGIÃO NORDESTE,SERGIPE,GÁS NATURAL,TERRA,"4772,8925"
2000,JAN,REGIÃO NORDESTE,SERGIPE,GÁS NATURAL,MAR,"73438,746"
2000,FEV,REGIÃO NORDESTE,SERGIPE,GÁS NATURAL,MAR,"65669,469"
2000,MAR,REGIÃO NORDESTE,SERGIPE,GÁS NATURAL,MAR,"64070,379"
2000,ABR,REGIÃO NORDESTE,SERGIPE,GÁS NATURAL,MAR,"64916,969"
2000,MAI,REGIÃO NORDESTE,SERGIPE,GÁS NATURAL,MAR,"68218,231"
2000,JUN,REGIÃO NORDESTE,SERGIPE,GÁS NATURAL,MAR,"68471,623"
2000,JUL,REGIÃO NORDESTE,SERGIPE,GÁS NATURAL,MAR,"73016,556"
2000,AGO,REGIÃO NORDESTE,SERGIPE,GÁS NATURAL,MAR,"75782,958"
2000,SET,REGIÃO NORDESTE,SERGIPE,GÁS NATURAL,MAR,"73156,375"
2000,OUT,REGIÃO NORDESTE,SERGIPE,GÁS NATURAL,MAR,"67276,324"
2000,NOV,REGIÃO NORDESTE,SERGIPE,GÁS NATURAL,MAR,"55113,15"
2000,DEZ,REGIÃO NORDESTE,SERGIPE,GÁS NATURAL,MAR,"65847,855"
2000,JAN,REGIÃO NORDESTE,SERGIPE,GÁS NATURAL,TERRA,"4448,1724"
2000,FEV,REGIÃO NORDESTE,SERGIPE,GÁS NATURAL,TERRA,"4656,7501"
2000,MAR,REGIÃO NORDESTE,SERGIPE,GÁS NATURAL,TERRA,"5228,3978"
2000,ABR,REGIÃO NORDESTE,SERGIPE,GÁS NATURAL,TERRA,"5012,0033"
2000,MAI,REGIÃO NORDESTE,SERGIPE,GÁS NATURAL,TERRA,"5224,2452"
2000,JUN,REGIÃO NORDESTE,SERGIPE,GÁS NATURAL,TERRA,"5362,2948"
2000,JUL,REGIÃO NORDESTE,SERGIPE,GÁS NATURAL,TERRA,"5102,2895"
2000,AGO,REGIÃO NORDESTE,SERGIPE,GÁS NATURAL,TERRA,"4657,2265"
2000,SET,REGIÃO NORDESTE,SERGIPE,GÁS NATURAL,TERRA,"4693,3733"
2000,OUT,REGIÃO NORDESTE,SERGIPE,GÁS NATURAL,TERRA,"4848,6393"
2000,NOV,REGIÃO NORDESTE,SERGIPE,GÁS NATURAL,TERRA,"4662,6288"
2000,DEZ,REGIÃO NORDESTE,SERGIPE,GÁS NATURAL,TERRA,"4692,4049"
2001,JAN,REGIÃO NORDESTE,SERGIPE,GÁS NATURAL,MAR,"67984,0"
2001,FEV,REGIÃO NORDESTE,SERGIPE,GÁS NATURAL,MAR,"60492,0"
2001,MAR,REGIÃO NORDESTE,SERGIPE,GÁS NATURAL,MAR,"66268,0"
2001,ABR,REGIÃO NORDESTE,SERGIPE,GÁS NATURAL,MAR,"58806,0"
2001,MAI,REGIÃO NORDESTE,SERGIPE,GÁS NATURAL,MAR,"64313,0"
2001,JUN,REGIÃO NORDESTE,SERGIPE,GÁS NATURAL,MAR,"60946,0"
2001,JUL,REGIÃO NORDESTE,SERGIPE,GÁS NATURAL,MAR,"64107,0"
2001,AGO,REGIÃO NORDESTE,SERGIPE,GÁS NATURAL,MAR,"64172,0"
2001,SET,REGIÃO NORDESTE,SERGIPE,GÁS NATURAL,MAR,"52672,0"
2001,OUT,REGIÃO NORDESTE,SERGIPE,GÁS NATURAL,MAR,"63245,0"
2001,NOV,REGIÃO NORDESTE,SERGIPE,GÁS NATURAL,MAR,"64290,0"
2001,DEZ,REGIÃO NORDESTE,SERGIPE,GÁS NATURAL,MAR,"65237,0"
2001,JAN,REGIÃO NORDESTE,SERGIPE,GÁS NATURAL,TERRA,"4663,0"
2001,FEV,REGIÃO NORDESTE,SERGIPE,GÁS NATURAL,TERRA,"4165,0"
2001,MAR,REGIÃO NORDESTE,SERGIPE,GÁS NATURAL,TERRA,"4805,0"
2001,ABR,REGIÃO NORDESTE,SERGIPE,GÁS NATURAL,TERRA,"4869,0"
2001,MAI,REGIÃO NORDESTE,SERGIPE,GÁS NATURAL,TERRA,"5172,0"
2001,JUN,REGIÃO NORDESTE,SERGIPE,GÁS NATURAL,TERRA,"5136,0"
2001,JUL,REGIÃO NORDESTE,SERGIPE,GÁS NATURAL,TERRA,"5038,0"
2001,AGO,REGIÃO NORDESTE,SERGIPE,GÁS NATURAL,TERRA,"5178,0"
2001,SET,REGIÃO NORDESTE,SERGIPE,GÁS NATURAL,TERRA,"5128,0"
2001,OUT,REGIÃO NORDESTE,SERGIPE,GÁS NATURAL,TERRA,"5142,0"
2001,NOV,REGIÃO NORDESTE,SERGIPE,GÁS NATURAL,TERRA,"4932,0"
2001,DEZ,REGIÃO NORDESTE,SERGIPE,GÁS NATURAL,TERRA,"5102,0"
2002,JAN,REGIÃO NORDESTE,SERGIPE,GÁS NATURAL,MAR,"68077,0"
2002,FEV,REGIÃO NORDESTE,SERGIPE,GÁS NATURAL,MAR,"59764,0"
2002,MAR,REGIÃO NORDESTE,SERGIPE,GÁS NATURAL,MAR,"65480,0"
2002,ABR,REGIÃO NORDESTE,SERGIPE,GÁS NATURAL,MAR,"62535,0"
2002,MAI,REGIÃO NORDESTE,SERGIPE,GÁS NATURAL,MAR,"63551,0"
2002,JUN,REGIÃO NORDESTE,SERGIPE,GÁS NATURAL,MAR,"61818,0"
2002,JUL,REGIÃO NORDESTE,SERGIPE,GÁS NATURAL,MAR,"63786,0"
2002,AGO,REGIÃO NORDESTE,SERGIPE,GÁS NATURAL,MAR,"60278,0"
2002,SET,REGIÃO NORDESTE,SERGIPE,GÁS NATURAL,MAR,"57879,0"
2002,OUT,REGIÃO NORDESTE,SERGIPE,GÁS NATURAL,MAR,"57865,0"
2002,NOV,REGIÃO NORDESTE,SERGIPE,GÁS NATURAL,MAR,"61898,0"
2002,DEZ,REGIÃO NORDESTE,SERGIPE,GÁS NATURAL,MAR,"58960,0"
2002,JAN,REGIÃO NORDESTE,SERGIPE,GÁS NATURAL,TERRA,"5057,0"
2002,FEV,REGIÃO NORDESTE,SERGIPE,GÁS NATURAL,TERRA,"4382,0"
2002,MAR,REGIÃO NORDESTE,SERGIPE,GÁS NATURAL,TERRA,"4821,0"
2002,ABR,REGIÃO NORDESTE,SERGIPE,GÁS NATURAL,TERRA,"4856,0"
2002,MAI,REGIÃO NORDESTE,SERGIPE,GÁS NATURAL,TERRA,"4936,0"
2002,JUN,REGIÃO NORDESTE,SERGIPE,GÁS NATURAL,TERRA,"4638,0"
2002,JUL,REGIÃO NORDESTE,SERGIPE,GÁS NATURAL,TERRA,"5083,0"
2002,AGO,REGIÃO NORDESTE,SERGIPE,GÁS NATURAL,TERRA,"5053,0"
2002,SET,REGIÃO NORDESTE,SERGIPE,GÁS NATURAL,TERRA,"4970,0"
2002,OUT,REGIÃO NORDESTE,SERGIPE,GÁS NATURAL,TERRA,"5314,0"
2002,NOV,REGIÃO NORDESTE,SERGIPE,GÁS NATURAL,TERRA,"5126,0"
2002,DEZ,REGIÃO NORDESTE,SERGIPE,GÁS NATURAL,TERRA,"5320,0"
2003,JAN,REGIÃO NORDESTE,SERGIPE,GÁS NATURAL,MAR,"59851,0"
2003,FEV,REGIÃO NORDESTE,SERGIPE,GÁS NATURAL,MAR,"48495,0"
2003,MAR,REGIÃO NORDESTE,SERGIPE,GÁS NATURAL,MAR,"58398,0"
2003,ABR,REGIÃO NORDESTE,SERGIPE,GÁS NATURAL,MAR,"41695,0"
2003,MAI,REGIÃO NORDESTE,SERGIPE,GÁS NATURAL,MAR,"55532,0"
2003,JUN,REGIÃO NORDESTE,SERGIPE,GÁS NATURAL,MAR,"54926,0"
2003,JUL,REGIÃO NORDESTE,SERGIPE,GÁS NATURAL,MAR,"58120,0"
2003,AGO,REGIÃO NORDESTE,SERGIPE,GÁS NATURAL,MAR,"58176,0"
2003,SET,REGIÃO NORDESTE,SERGIPE,GÁS NATURAL,MAR,"57276,0"
2003,OUT,REGIÃO NORDESTE,SERGIPE,GÁS NATURAL,MAR,"60115,133"
2003,NOV,REGIÃO NORDESTE,SERGIPE,GÁS NATURAL,MAR,"57520,647"
2003,DEZ,REGIÃO NORDESTE,SERGIPE,GÁS NATURAL,MAR,"56159,444"
2003,JAN,REGIÃO NORDESTE,SERGIPE,GÁS NATURAL,TERRA,"5298,0"
2003,FEV,REGIÃO NORDESTE,SERGIPE,GÁS NATURAL,TERRA,"5081,0"
2003,MAR,REGIÃO NORDESTE,SERGIPE,GÁS NATURAL,TERRA,"5651,0"
2003,ABR,REGIÃO NORDESTE,SERGIPE,GÁS NATURAL,TERRA,"5879,0"
2003,MAI,REGIÃO NORDESTE,SERGIPE,GÁS NATURAL,TERRA,"6037,0"
2003,JUN,REGIÃO NORDESTE,SERGIPE,GÁS NATURAL,TERRA,"5570,0"
2003,JUL,REGIÃO NORDESTE,SERGIPE,GÁS NATURAL,TERRA,"5823,0"
2003,AGO,REGIÃO NORDESTE,SERGIPE,GÁS NATURAL,TERRA,"5182,0"
2003,SET,REGIÃO NORDESTE,SERGIPE,GÁS NATURAL,TERRA,"5114,0"
2003,OUT,REGIÃO NORDESTE,SERGIPE,GÁS NATURAL,TERRA,"5362,0"
2003,NOV,REGIÃO NORDESTE,SERGIPE,GÁS NATURAL,TERRA,"5486,0"
2003,DEZ,REGIÃO NORDESTE,SERGIPE,GÁS NATURAL,TERRA,"5766,0"
2004,JAN,REGIÃO NORDESTE,SERGIPE,GÁS NATURAL,MAR,"51020,0"
2004,FEV,REGIÃO NORDESTE,SERGIPE,GÁS NATURAL,MAR,"49592,4"
2004,MAR,REGIÃO NORDESTE,SERGIPE,GÁS NATURAL,MAR,"52406,0"
2004,ABR,REGIÃO NORDESTE,SERGIPE,GÁS NATURAL,MAR,"51876,0"
2004,MAI,REGIÃO NORDESTE,SERGIPE,GÁS NATURAL,MAR,"52909,449"
2004,JUN,REGIÃO NORDESTE,SERGIPE,GÁS NATURAL,MAR,"48522,0"
2004,JUL,REGIÃO NORDESTE,SERGIPE,GÁS NATURAL,MAR,"45683,0"
2004,AGO,REGIÃO NORDESTE,SERGIPE,GÁS NATURAL,MAR,"51488,0"
2004,SET,REGIÃO NORDESTE,SERGIPE,GÁS NATURAL,MAR,"49083,0"
2004,OUT,REGIÃO NORDESTE,SERGIPE,GÁS NATURAL,MAR,"49587,177"
2004,NOV,REGIÃO NORDESTE,SERGIPE,GÁS NATURAL,MAR,"51038,126"
2004,DEZ,REGIÃO NORDESTE,SERGIPE,GÁS NATURAL,MAR,"47962,606"
2004,JAN,REGIÃO NORDESTE,SERGIPE,GÁS NATURAL,TERRA,"6287,0"
2004,FEV,REGIÃO NORDESTE,SERGIPE,GÁS NATURAL,TERRA,"5995,0"
2004,MAR,REGIÃO NORDESTE,SERGIPE,GÁS NATURAL,TERRA,"6473,0"
2004,ABR,REGIÃO NORDESTE,SERGIPE,GÁS NATURAL,TERRA,"6360,0"
2004,MAI,REGIÃO NORDESTE,SERGIPE,GÁS NATURAL,TERRA,"6608,0"
2004,JUN,REGIÃO NORDESTE,SERGIPE,GÁS NATURAL,TERRA,"6409,0"
2004,JUL,REGIÃO NORDESTE,SERGIPE,GÁS NATURAL,TERRA,"6603,0"
2004,AGO,REGIÃO NORDESTE,SERGIPE,GÁS NATURAL,TERRA,"6849,0"
2004,SET,REGIÃO NORDESTE,SERGIPE,GÁS NATURAL,TERRA,"6273,0"
2004,OUT,REGIÃO NORDESTE,SERGIPE,GÁS NATURAL,TERRA,"6112,0"
2004,NOV,REGIÃO NORDESTE,SERGIPE,GÁS NATURAL,TERRA,"6124,0"
2004,DEZ,REGIÃO NORDESTE,SERGIPE,GÁS NATURAL,TERRA,"6165,0"
2005,JAN,REGIÃO NORDESTE,SERGIPE,GÁS NATURAL,MAR,"46249,023"
2005,FEV,REGIÃO NORDESTE,SERGIPE,GÁS NATURAL,MAR,"39255,97"
2005,MAR,REGIÃO NORDESTE,SERGIPE,GÁS NATURAL,MAR,"42077,768"
2005,ABR,REGIÃO NORDESTE,SERGIPE,GÁS NATURAL,MAR,"39249,19"
2005,MAI,REGIÃO NORDESTE,SERGIPE,GÁS NATURAL,MAR,"39870,235"
2005,JUN,REGIÃO NORDESTE,SERGIPE,GÁS NATURAL,MAR,"46203,0"
2005,JUL,REGIÃO NORDESTE,SERGIPE,GÁS NATURAL,MAR,"50861,0"
2005,AGO,REGIÃO NORDESTE,SERGIPE,GÁS NATURAL,MAR,"49928,0"
2005,SET,REGIÃO NORDESTE,SERGIPE,GÁS NATURAL,MAR,"49209,0"
2005,OUT,REGIÃO NORDESTE,SERGIPE,GÁS NATURAL,MAR,"51135,0"
2005,NOV,REGIÃO NORDESTE,SERGIPE,GÁS NATURAL,MAR,"43348,0"
2005,DEZ,REGIÃO NORDESTE,SERGIPE,GÁS NATURAL,MAR,"41337,0"
2005,JAN,REGIÃO NORDESTE,SERGIPE,GÁS NATURAL,TERRA,"6576,0"
2005,FEV,REGIÃO NORDESTE,SERGIPE,GÁS NATURAL,TERRA,"6053,0"
2005,MAR,REGIÃO NORDESTE,SERGIPE,GÁS NATURAL,TERRA,"6901,0"
2005,ABR,REGIÃO NORDESTE,SERGIPE,GÁS NATURAL,TERRA,"6946,0"
2005,MAI,REGIÃO NORDESTE,SERGIPE,GÁS NATURAL,TERRA,"6886,0"
2005,JUN,REGIÃO NORDESTE,SERGIPE,GÁS NATURAL,TERRA,"6154,0"
2005,JUL,REGIÃO NORDESTE,SERGIPE,GÁS NATURAL,TERRA,"6356,0"
2005,AGO,REGIÃO NORDESTE,SERGIPE,GÁS NATURAL,TERRA,"6417,0"
2005,SET,REGIÃO NORDESTE,SERGIPE,GÁS NATURAL,TERRA,"6514,0"
2005,OUT,REGIÃO NORDESTE,SERGIPE,GÁS NATURAL,TERRA,"6723,0"
2005,NOV,REGIÃO NORDESTE,SERGIPE,GÁS NATURAL,TERRA,"6484,0"
2005,DEZ,REGIÃO NORDESTE,SERGIPE,GÁS NATURAL,TERRA,"7010,0"
2006,JAN,REGIÃO NORDESTE,SERGIPE,GÁS NATURAL,MAR,"45275,387"
2006,FEV,REGIÃO NORDESTE,SERGIPE,GÁS NATURAL,MAR,"40715,0"
2006,MAR,REGIÃO NORDESTE,SERGIPE,GÁS NATURAL,MAR,"48076,0"
2006,ABR,REGIÃO NORDESTE,SERGIPE,GÁS NATURAL,MAR,"45691,0"
2006,MAI,REGIÃO NORDESTE,SERGIPE,GÁS NATURAL,MAR,"49037,0"
2006,JUN,REGIÃO NORDESTE,SERGIPE,GÁS NATURAL,MAR,"46503,0"
2006,JUL,REGIÃO NORDESTE,SERGIPE,GÁS NATURAL,MAR,"45685,0"
2006,AGO,REGIÃO NORDESTE,SERGIPE,GÁS NATURAL,MAR,"44867,0"
2006,SET,REGIÃO NORDESTE,SERGIPE,GÁS NATURAL,MAR,"40996,0"
2006,OUT,REGIÃO NORDESTE,SERGIPE,GÁS NATURAL,MAR,"40982,0"
2006,NOV,REGIÃO NORDESTE,SERGIPE,GÁS NATURAL,MAR,"38250,0"
2006,DEZ,REGIÃO NORDESTE,SERGIPE,GÁS NATURAL,MAR,"39079,0"
2006,JAN,REGIÃO NORDESTE,SERGIPE,GÁS NATURAL,TERRA,"7183,3154"
2006,FEV,REGIÃO NORDESTE,SERGIPE,GÁS NATURAL,TERRA,"6515,0"
2006,MAR,REGIÃO NORDESTE,SERGIPE,GÁS NATURAL,TERRA,"7133,0"
2006,ABR,REGIÃO NORDESTE,SERGIPE,GÁS NATURAL,TERRA,"6978,0"
2006,MAI,REGIÃO NORDESTE,SERGIPE,GÁS NATURAL,TERRA,"7080,0"
2006,JUN,REGIÃO NORDESTE,SERGIPE,GÁS NATURAL,TERRA,"6631,0"
2006,JUL,REGIÃO NORDESTE,SERGIPE,GÁS NATURAL,TERRA,"7436,0"
2006,AGO,REGIÃO NORDESTE,SERGIPE,GÁS NATURAL,TERRA,"7450,0"
2006,SET,REGIÃO NORDESTE,SERGIPE,GÁS NATURAL,TERRA,"6639,0"
2006,OUT,REGIÃO NORDESTE,SERGIPE,GÁS NATURAL,TERRA,"6907,0"
2006,NOV,REGIÃO NORDESTE,SERGIPE,GÁS NATURAL,TERRA,"6491,0"
2006,DEZ,REGIÃO NORDESTE,SERGIPE,GÁS NATURAL,TERRA,"7774,0"
2007,JAN,REGIÃO NORDESTE,SERGIPE,GÁS NATURAL,MAR,"37349,0"
2007,FEV,REGIÃO NORDESTE,SERGIPE,GÁS NATURAL,MAR,"32778,0"
2007,MAR,REGIÃO NORDESTE,SERGIPE,GÁS NATURAL,MAR,"36621,0"
2007,ABR,REGIÃO NORDESTE,SERGIPE,GÁS NATURAL,MAR,"32439,0"
2007,MAI,REGIÃO NORDESTE,SERGIPE,GÁS NATURAL,MAR,"24960,0"
2007,JUN,REGIÃO NORDESTE,SERGIPE,GÁS NATURAL,MAR,"31571,0"
2007,JUL,REGIÃO NORDESTE,SERGIPE,GÁS NATURAL,MAR,"36488,0"
2007,AGO,REGIÃO NORDESTE,SERGIPE,GÁS NATURAL,MAR,"37963,0"
2007,SET,REGIÃO NORDESTE,SERGIPE,GÁS NATURAL,MAR,"38525,0"
2007,OUT,REGIÃO NORDESTE,SERGIPE,GÁS NATURAL,MAR,"49308,0"
2007,NOV,REGIÃO NORDESTE,SERGIPE,GÁS NATURAL,MAR,"48460,0"
2007,DEZ,REGIÃO NORDESTE,SERGIPE,GÁS NATURAL,MAR,"47408,0"
2007,JAN,REGIÃO NORDESTE,SERGIPE,GÁS NATURAL,TERRA,"8026,0"
2007,FEV,REGIÃO NORDESTE,SERGIPE,GÁS NATURAL,TERRA,"7341,58"
2007,MAR,REGIÃO NORDESTE,SERGIPE,GÁS NATURAL,TERRA,"8078,59"
2007,ABR,REGIÃO NORDESTE,SERGIPE,GÁS NATURAL,TERRA,"7571,32"
2007,MAI,REGIÃO NORDESTE,SERGIPE,GÁS NATURAL,TERRA,"8045,01"
2007,JUN,REGIÃO NORDESTE,SERGIPE,GÁS NATURAL,TERRA,"7626,31"
2007,JUL,REGIÃO NORDESTE,SERGIPE,GÁS NATURAL,TERRA,"7973,95"
2007,AGO,REGIÃO NORDESTE,SERGIPE,GÁS NATURAL,TERRA,"7481,12"
2007,SET,REGIÃO NORDESTE,SERGIPE,GÁS NATURAL,TERRA,"7396,77"
2007,OUT,REGIÃO NORDESTE,SERGIPE,GÁS NATURAL,TERRA,"7726,95"
2007,NOV,REGIÃO NORDESTE,SERGIPE,GÁS NATURAL,TERRA,"7865,28"
2007,DEZ,REGIÃO NORDESTE,SERGIPE,GÁS NATURAL,TERRA,"8057,05"
2008,JAN,REGIÃO NORDESTE,SERGIPE,GÁS NATURAL,MAR,"49180,4817"
2008,FEV,REGIÃO NORDESTE,SERGIPE,GÁS NATURAL,MAR,"46436,6775"
2008,MAR,REGIÃO NORDESTE,SERGIPE,GÁS NATURAL,MAR,"48648,1945"
2008,ABR,REGIÃO NORDESTE,SERGIPE,GÁS NATURAL,MAR,"49839,227"
2008,MAI,REGIÃO NORDESTE,SERGIPE,GÁS NATURAL,MAR,"49045,07"
2008,JUN,REGIÃO NORDESTE,SERGIPE,GÁS NATURAL,MAR,"59534,756"
2008,JUL,REGIÃO NORDESTE,SERGIPE,GÁS NATURAL,MAR,"75384,552"
2008,AGO,REGIÃO NORDESTE,SERGIPE,GÁS NATURAL,MAR,"76495,993"
2008,SET,REGIÃO NORDESTE,SERGIPE,GÁS NATURAL,MAR,"72651,634"
2008,OUT,REGIÃO NORDESTE,SERGIPE,GÁS NATURAL,MAR,"79257,616"
2008,NOV,REGIÃO NORDESTE,SERGIPE,GÁS NATURAL,MAR,"82021,966"
2008,DEZ,REGIÃO NORDESTE,SERGIPE,GÁS NATURAL,MAR,"78046,965"
2008,JAN,REGIÃO NORDESTE,SERGIPE,GÁS NATURAL,TERRA,"7638,75"
2008,FEV,REGIÃO NORDESTE,SERGIPE,GÁS NATURAL,TERRA,"7154,32"
2008,MAR,REGIÃO NORDESTE,SERGIPE,GÁS NATURAL,TERRA,"7658,94"
2008,ABR,REGIÃO NORDESTE,SERGIPE,GÁS NATURAL,TERRA,"7760,78257"
2008,MAI,REGIÃO NORDESTE,SERGIPE,GÁS NATURAL,TERRA,"7855,05763"
2008,JUN,REGIÃO NORDESTE,SERGIPE,GÁS NATURAL,TERRA,"7817,36151"
2008,JUL,REGIÃO NORDESTE,SERGIPE,GÁS NATURAL,TERRA,"7334,77403"
2008,AGO,REGIÃO NORDESTE,SERGIPE,GÁS NATURAL,TERRA,"7868,13711"
2008,SET,REGIÃO NORDESTE,SERGIPE,GÁS NATURAL,TERRA,"7627,90176"
2008,OUT,REGIÃO NORDESTE,SERGIPE,GÁS NATURAL,TERRA,"7947,9323"
2008,NOV,REGIÃO NORDESTE,SERGIPE,GÁS NATURAL,TERRA,"7227,86671"
2008,DEZ,REGIÃO NORDESTE,SERGIPE,GÁS NATURAL,TERRA,"7344,46606"
2009,JAN,REGIÃO NORDESTE,SERGIPE,GÁS NATURAL,MAR,"76427,203"
2009,FEV,REGIÃO NORDESTE,SERGIPE,GÁS NATURAL,MAR,"69107,501"
2009,MAR,REGIÃO NORDESTE,SERGIPE,GÁS NATURAL,MAR,"76975,172"
2009,ABR,REGIÃO NORDESTE,SERGIPE,GÁS NATURAL,MAR,"62029,786"
2009,MAI,REGIÃO NORDESTE,SERGIPE,GÁS NATURAL,MAR,"72620,807"
2009,JUN,REGIÃO NORDESTE,SERGIPE,GÁS NATURAL,MAR,"73431,945"
2009,JUL,REGIÃO NORDESTE,SERGIPE,GÁS NATURAL,MAR,"78273,759"
2009,AGO,REGIÃO NORDESTE,SERGIPE,GÁS NATURAL,MAR,"72132,1415"
2009,SET,REGIÃO NORDESTE,SERGIPE,GÁS NATURAL,MAR,"70650,87"
2009,OUT,REGIÃO NORDESTE,SERGIPE,GÁS NATURAL,MAR,"68999,665"
2009,NOV,REGIÃO NORDESTE,SERGIPE,GÁS NATURAL,MAR,"70100,435"
2009,DEZ,REGIÃO NORDESTE,SERGIPE,GÁS NATURAL,MAR,"72860,3405"
2009,JAN,REGIÃO NORDESTE,SERGIPE,GÁS NATURAL,TERRA,"7513,76194"
2009,FEV,REGIÃO NORDESTE,SERGIPE,GÁS NATURAL,TERRA,"6611,63358"
2009,MAR,REGIÃO NORDESTE,SERGIPE,GÁS NATURAL,TERRA,"8231,48199"
2009,ABR,REGIÃO NORDESTE,SERGIPE,GÁS NATURAL,TERRA,"7734,13628"
2009,MAI,REGIÃO NORDESTE,SERGIPE,GÁS NATURAL,TERRA,"7493,77492"
2009,JUN,REGIÃO NORDESTE,SERGIPE,GÁS NATURAL,TERRA,"6987,7221"
2009,JUL,REGIÃO NORDESTE,SERGIPE,GÁS NATURAL,TERRA,"8077,72365"
2009,AGO,REGIÃO NORDESTE,SERGIPE,GÁS NATURAL,TERRA,"8330,67951"
2009,SET,REGIÃO NORDESTE,SERGIPE,GÁS NATURAL,TERRA,"7858,49815"
2009,OUT,REGIÃO NORDESTE,SERGIPE,GÁS NATURAL,TERRA,"7960,90573"
2009,NOV,REGIÃO NORDESTE,SERGIPE,GÁS NATURAL,TERRA,"7394,077"
2009,DEZ,REGIÃO NORDESTE,SERGIPE,GÁS NATURAL,TERRA,"8345,3139"
2010,JAN,REGIÃO NORDESTE,SERGIPE,GÁS NATURAL,MAR,"77506,228"
2010,FEV,REGIÃO NORDESTE,SERGIPE,GÁS NATURAL,MAR,"66774,779"
2010,MAR,REGIÃO NORDESTE,SERGIPE,GÁS NATURAL,MAR,"73323,944"
2010,ABR,REGIÃO NORDESTE,SERGIPE,GÁS NATURAL,MAR,"80763,72"
2010,MAI,REGIÃO NORDESTE,SERGIPE,GÁS NATURAL,MAR,"89074,992"
2010,JUN,REGIÃO NORDESTE,SERGIPE,GÁS NATURAL,MAR,"89702,986"
2010,JUL,REGIÃO NORDESTE,SERGIPE,GÁS NATURAL,MAR,"85531,755"
2010,AGO,REGIÃO NORDESTE,SERGIPE,GÁS NATURAL,MAR,"98550,313"
2010,SET,REGIÃO NORDESTE,SERGIPE,GÁS NATURAL,MAR,"94756,708"
2010,OUT,REGIÃO NORDESTE,SERGIPE,GÁS NATURAL,MAR,"98917,298"
2010,NOV,REGIÃO NORDESTE,SERGIPE,GÁS NATURAL,MAR,"57870,191"
2010,DEZ,REGIÃO NORDESTE,SERGIPE,GÁS NATURAL,MAR,"94308,46746"
2010,JAN,REGIÃO NORDESTE,SERGIPE,GÁS NATURAL,TERRA,"7867,62072"
2010,FEV,REGIÃO NORDESTE,SERGIPE,GÁS NATURAL,TERRA,"7440,9901"
2010,MAR,REGIÃO NORDESTE,SERGIPE,GÁS NATURAL,TERRA,"8314,46011"
2010,ABR,REGIÃO NORDESTE,SERGIPE,GÁS NATURAL,TERRA,"8022,6144"
2010,MAI,REGIÃO NORDESTE,SERGIPE,GÁS NATURAL,TERRA,"8207,13871"
2010,JUN,REGIÃO NORDESTE,SERGIPE,GÁS NATURAL,TERRA,"7507,91346"
2010,JUL,REGIÃO NORDESTE,SERGIPE,GÁS NATURAL,TERRA,"7833,4538"
2010,AGO,REGIÃO NORDESTE,SERGIPE,GÁS NATURAL,TERRA,"7101,10625"
2010,SET,REGIÃO NORDESTE,SERGIPE,GÁS NATURAL,TERRA,"7885,13739"
2010,OUT,REGIÃO NORDESTE,SERGIPE,GÁS NATURAL,TERRA,"8274,31601"
2010,NOV,REGIÃO NORDESTE,SERGIPE,GÁS NATURAL,TERRA,"8079,09632"
2010,DEZ,REGIÃO NORDESTE,SERGIPE,GÁS NATURAL,TERRA,"8125,42273"
2011,JAN,REGIÃO NORDESTE,SERGIPE,GÁS NATURAL,MAR,"96925,6867"
2011,FEV,REGIÃO NORDESTE,SERGIPE,GÁS NATURAL,MAR,"90350,68476"
2011,MAR,REGIÃO NORDESTE,SERGIPE,GÁS NATURAL,MAR,"83291,33253"
2011,ABR,REGIÃO NORDESTE,SERGIPE,GÁS NATURAL,MAR,"86308,62444"
2011,MAI,REGIÃO NORDESTE,SERGIPE,GÁS NATURAL,MAR,"96755,42405"
2011,JUN,REGIÃO NORDESTE,SERGIPE,GÁS NATURAL,MAR,"86227,04864"
2011,JUL,REGIÃO NORDESTE,SERGIPE,GÁS NATURAL,MAR,"84161,53968"
2011,AGO,REGIÃO NORDESTE,SERGIPE,GÁS NATURAL,MAR,"89704,1667"
2011,SET,REGIÃO NORDESTE,SERGIPE,GÁS NATURAL,MAR,"61287,14269"
2011,OUT,REGIÃO NORDESTE,SERGIPE,GÁS NATURAL,MAR,"66440,24829"
2011,NOV,REGIÃO NORDESTE,SERGIPE,GÁS NATURAL,MAR,"76121,94932"
2011,DEZ,REGIÃO NORDESTE,SERGIPE,GÁS NATURAL,MAR,"81667,34697"
2011,JAN,REGIÃO NORDESTE,SERGIPE,GÁS NATURAL,TERRA,"8264,19416"
2011,FEV,REGIÃO NORDESTE,SERGIPE,GÁS NATURAL,TERRA,"8255,21256"
2011,MAR,REGIÃO NORDESTE,SERGIPE,GÁS NATURAL,TERRA,"9384,42823"
2011,ABR,REGIÃO NORDESTE,SERGIPE,GÁS NATURAL,TERRA,"8201,66075"
2011,MAI,REGIÃO NORDESTE,SERGIPE,GÁS NATURAL,TERRA,"8339,14684"
2011,JUN,REGIÃO NORDESTE,SERGIPE,GÁS NATURAL,TERRA,"7759,67079"
2011,JUL,REGIÃO NORDESTE,SERGIPE,GÁS NATURAL,TERRA,"8086,38925"
2011,AGO,REGIÃO NORDESTE,SERGIPE,GÁS NATURAL,TERRA,"9100,37197"
2011,SET,REGIÃO NORDESTE,SERGIPE,GÁS NATURAL,TERRA,"8508,81713"
2011,OUT,REGIÃO NORDESTE,SERGIPE,GÁS NATURAL,TERRA,"8840,54908"
2011,NOV,REGIÃO NORDESTE,SERGIPE,GÁS NATURAL,TERRA,"8427,70387"
2011,DEZ,REGIÃO NORDESTE,SERGIPE,GÁS NATURAL,TERRA,"8778,52923"
2012,JAN,REGIÃO NORDESTE,SERGIPE,GÁS NATURAL,MAR,"84457,27193"
2012,FEV,REGIÃO NORDESTE,SERGIPE,GÁS NATURAL,MAR,"71237,40864"
2012,MAR,REGIÃO NORDESTE,SERGIPE,GÁS NATURAL,MAR,"85959,86217"
2012,ABR,REGIÃO NORDESTE,SERGIPE,GÁS NATURAL,MAR,"72993,01579"
2012,MAI,REGIÃO NORDESTE,SERGIPE,GÁS NATURAL,MAR,"79013,28409"
2012,JUN,REGIÃO NORDESTE,SERGIPE,GÁS NATURAL,MAR,"80465,06832"
2012,JUL,REGIÃO NORDESTE,SERGIPE,GÁS NATURAL,MAR,"77566,61539"
2012,AGO,REGIÃO NORDESTE,SERGIPE,GÁS NATURAL,MAR,"85839,83926"
2012,SET,REGIÃO NORDESTE,SERGIPE,GÁS NATURAL,MAR,"77576,35751"
2012,OUT,REGIÃO NORDESTE,SERGIPE,GÁS NATURAL,MAR,"83022,72724"
2012,NOV,REGIÃO NORDESTE,SERGIPE,GÁS NATURAL,MAR,"48129,72928"
2012,DEZ,REGIÃO NORDESTE,SERGIPE,GÁS NATURAL,MAR,"80771,93749"
2012,JAN,REGIÃO NORDESTE,SERGIPE,GÁS NATURAL,TERRA,"8840,55632"
2012,FEV,REGIÃO NORDESTE,SERGIPE,GÁS NATURAL,TERRA,"7667,71905"
2012,MAR,REGIÃO NORDESTE,SERGIPE,GÁS NATURAL,TERRA,"8228,39781"
2012,ABR,REGIÃO NORDESTE,SERGIPE,GÁS NATURAL,TERRA,"8319,39117"
2012,MAI,REGIÃO NORDESTE,SERGIPE,GÁS NATURAL,TERRA,"8693,04962"
2012,JUN,REGIÃO NORDESTE,SERGIPE,GÁS NATURAL,TERRA,"8637,59208"
2012,JUL,REGIÃO NORDESTE,SERGIPE,GÁS NATURAL,TERRA,"9095,97208"
2012,AGO,REGIÃO NORDESTE,SERGIPE,GÁS NATURAL,TERRA,"8846,66529"
2012,SET,REGIÃO NORDESTE,SERGIPE,GÁS NATURAL,TERRA,"8468,26799"
2012,OUT,REGIÃO NORDESTE,SERGIPE,GÁS NATURAL,TERRA,"8741,65033"
2012,NOV,REGIÃO NORDESTE,SERGIPE,GÁS NATURAL,TERRA,"8659,77523"
2012,DEZ,REGIÃO NORDESTE,SERGIPE,GÁS NATURAL,TERRA,"8616,71185"
2013,JAN,REGIÃO NORDESTE,SERGIPE,GÁS NATURAL,MAR,"84358,41697"
2013,FEV,REGIÃO NORDESTE,SERGIPE,GÁS NATURAL,MAR,"72065,02489"
2013,MAR,REGIÃO NORDESTE,SERGIPE,GÁS NATURAL,MAR,"77651,92071"
2013,ABR,REGIÃO NORDESTE,SERGIPE,GÁS NATURAL,MAR,"75111,3907"
2013,MAI,REGIÃO NORDESTE,SERGIPE,GÁS NATURAL,MAR,"76368,92258"
2013,JUN,REGIÃO NORDESTE,SERGIPE,GÁS NATURAL,MAR,"76797,5234"
2013,JUL,REGIÃO NORDESTE,SERGIPE,GÁS NATURAL,MAR,"72056,51905"
2013,AGO,REGIÃO NORDESTE,SERGIPE,GÁS NATURAL,MAR,"87072,09889"
2013,SET,REGIÃO NORDESTE,SERGIPE,GÁS NATURAL,MAR,"85229,90867"
2013,OUT,REGIÃO NORDESTE,SERGIPE,GÁS NATURAL,MAR,"87247,92782"
2013,NOV,REGIÃO NORDESTE,SERGIPE,GÁS NATURAL,MAR,"84701,74872"
2013,DEZ,REGIÃO NORDESTE,SERGIPE,GÁS NATURAL,MAR,"85049,91134"
2013,JAN,REGIÃO NORDESTE,SERGIPE,GÁS NATURAL,TERRA,"8556,10734"
2013,FEV,REGIÃO NORDESTE,SERGIPE,GÁS NATURAL,TERRA,"7912,70154"
2013,MAR,REGIÃO NORDESTE,SERGIPE,GÁS NATURAL,TERRA,"8856,74739"
2013,ABR,REGIÃO NORDESTE,SERGIPE,GÁS NATURAL,TERRA,"7979,22658"
2013,MAI,REGIÃO NORDESTE,SERGIPE,GÁS NATURAL,TERRA,"7478,22757"
2013,JUN,REGIÃO NORDESTE,SERGIPE,GÁS NATURAL,TERRA,"7431,35513"
2013,JUL,REGIÃO NORDESTE,SERGIPE,GÁS NATURAL,TERRA,"7640,07074"
2013,AGO,REGIÃO NORDESTE,SERGIPE,GÁS NATURAL,TERRA,"7195,32049"
2013,SET,REGIÃO NORDESTE,SERGIPE,GÁS NATURAL,TERRA,"7368,08938"
2013,OUT,REGIÃO NORDESTE,SERGIPE,GÁS NATURAL,TERRA,"7483,63168"
2013,NOV,REGIÃO NORDESTE,SERGIPE,GÁS NATURAL,TERRA,"7282,24401"
2013,DEZ,REGIÃO NORDESTE,SERGIPE,GÁS NATURAL,TERRA,"7808,58151"
2014,JAN,REGIÃO NORDESTE,SERGIPE,GÁS NATURAL,MAR,"58386,05157"
2014,FEV,REGIÃO NORDESTE,SERGIPE,GÁS NATURAL,MAR,"73859,96876"
2014,MAR,REGIÃO NORDESTE,SERGIPE,GÁS NATURAL,MAR,"85579,43749"
2014,ABR,REGIÃO NORDESTE,SERGIPE,GÁS NATURAL,MAR,"83831,25945"
2014,MAI,REGIÃO NORDESTE,SERGIPE,GÁS NATURAL,MAR,"82958,48835"
2014,JUN,REGIÃO NORDESTE,SERGIPE,GÁS NATURAL,MAR,"81503,9268"
2014,JUL,REGIÃO NORDESTE,SERGIPE,GÁS NATURAL,MAR,"84789,95654"
2014,AGO,REGIÃO NORDESTE,SERGIPE,GÁS NATURAL,MAR,"84644,48662"
2014,SET,REGIÃO NORDESTE,SERGIPE,GÁS NATURAL,MAR,"81812,08861"
2014,OUT,REGIÃO NORDESTE,SERGIPE,GÁS NATURAL,MAR,"81553,22759"
2014,NOV,REGIÃO NORDESTE,SERGIPE,GÁS NATURAL,MAR,"77321,50644"
2014,DEZ,REGIÃO NORDESTE,SERGIPE,GÁS NATURAL,MAR,"84349,01179"
2014,JAN,REGIÃO NORDESTE,SERGIPE,GÁS NATURAL,TERRA,"8037,82212"
2014,FEV,REGIÃO NORDESTE,SERGIPE,GÁS NATURAL,TERRA,"7723,93177"
2014,MAR,REGIÃO NORDESTE,SERGIPE,GÁS NATURAL,TERRA,"8702,51008"
2014,ABR,REGIÃO NORDESTE,SERGIPE,GÁS NATURAL,TERRA,"8616,32097"
2014,MAI,REGIÃO NORDESTE,SERGIPE,GÁS NATURAL,TERRA,"8570,5631"
2014,JUN,REGIÃO NORDESTE,SERGIPE,GÁS NATURAL,TERRA,"8109,09634"
2014,JUL,REGIÃO NORDESTE,SERGIPE,GÁS NATURAL,TERRA,"8160,99832"
2014,AGO,REGIÃO NORDESTE,SERGIPE,GÁS NATURAL,TERRA,"7882,03402"
2014,SET,REGIÃO NORDESTE,SERGIPE,GÁS NATURAL,TERRA,"7831,58061"
2014,OUT,REGIÃO NORDESTE,SERGIPE,GÁS NATURAL,TERRA,"8342,28087"
2014,NOV,REGIÃO NORDESTE,SERGIPE,GÁS NATURAL,TERRA,"7466,46408"
2014,DEZ,REGIÃO NORDESTE,SERGIPE,GÁS NATURAL,TERRA,"7957,90398"
2015,JAN,REGIÃO NORDESTE,SERGIPE,GÁS NATURAL,MAR,"84962,42202"
2015,FEV,REGIÃO NORDESTE,SERGIPE,GÁS NATURAL,MAR,"76016,338"
2015,MAR,REGIÃO NORDESTE,SERGIPE,GÁS NATURAL,MAR,"79623,49459"
2015,ABR,REGIÃO NORDESTE,SERGIPE,GÁS NATURAL,MAR,"80007,18448"
2015,MAI,REGIÃO NORDESTE,SERGIPE,GÁS NATURAL,MAR,"82975,72522"
2015,JUN,REGIÃO NORDESTE,SERGIPE,GÁS NATURAL,MAR,"74700,10159"
2015,JUL,REGIÃO NORDESTE,SERGIPE,GÁS NATURAL,MAR,"29421,1511"
2015,AGO,REGIÃO NORDESTE,SERGIPE,GÁS NATURAL,MAR,"41884,64992"
2015,SET,REGIÃO NORDESTE,SERGIPE,GÁS NATURAL,MAR,"48177,54695"
2015,OUT,REGIÃO NORDESTE,SERGIPE,GÁS NATURAL,MAR,"56875,07592"
2015,NOV,REGIÃO NORDESTE,SERGIPE,GÁS NATURAL,MAR,"70081,52472"
2015,DEZ,REGIÃO NORDESTE,SERGIPE,GÁS NATURAL,MAR,"55872,71391"
2015,JAN,REGIÃO NORDESTE,SERGIPE,GÁS NATURAL,TERRA,"7781,45199"
2015,FEV,REGIÃO NORDESTE,SERGIPE,GÁS NATURAL,TERRA,"6774,11684"
2015,MAR,REGIÃO NORDESTE,SERGIPE,GÁS NATURAL,TERRA,"7464,58044"
2015,ABR,REGIÃO NORDESTE,SERGIPE,GÁS NATURAL,TERRA,"7287,78102"
2015,MAI,REGIÃO NORDESTE,SERGIPE,GÁS NATURAL,TERRA,"7504,3407"
2015,JUN,REGIÃO NORDESTE,SERGIPE,GÁS NATURAL,TERRA,"6851,39994"
2015,JUL,REGIÃO NORDESTE,SERGIPE,GÁS NATURAL,TERRA,"6650,79592"
2015,AGO,REGIÃO NORDESTE,SERGIPE,GÁS NATURAL,TERRA,"6559,68755"
2015,SET,REGIÃO NORDESTE,SERGIPE,GÁS NATURAL,TERRA,"6928,5323"
2015,OUT,REGIÃO NORDESTE,SERGIPE,GÁS NATURAL,TERRA,"7408,56318"
2015,NOV,REGIÃO NORDESTE,SERGIPE,GÁS NATURAL,TERRA,"5482,65933"
2015,DEZ,REGIÃO NORDESTE,SERGIPE,GÁS NATURAL,TERRA,"6518,25055"
2016,JAN,REGIÃO NORDESTE,SERGIPE,GÁS NATURAL,MAR,"75591,84891"
2016,FEV,REGIÃO NORDESTE,SERGIPE,GÁS NATURAL,MAR,"71677,0224"
2016,MAR,REGIÃO NORDESTE,SERGIPE,GÁS NATURAL,MAR,"73352,4891"
2016,ABR,REGIÃO NORDESTE,SERGIPE,GÁS NATURAL,MAR,"73119,27616"
2016,MAI,REGIÃO NORDESTE,SERGIPE,GÁS NATURAL,MAR,"77728,784"
2016,JUN,REGIÃO NORDESTE,SERGIPE,GÁS NATURAL,MAR,"73961,97034"
2016,JUL,REGIÃO NORDESTE,SERGIPE,GÁS NATURAL,MAR,"78796,19722"
2016,AGO,REGIÃO NORDESTE,SERGIPE,GÁS NATURAL,MAR,"80397,7125"
2016,SET,REGIÃO NORDESTE,SERGIPE,GÁS NATURAL,MAR,"75087,5547"
2016,OUT,REGIÃO NORDESTE,SERGIPE,GÁS NATURAL,MAR,"75080,54758"
2016,NOV,REGIÃO NORDESTE,SERGIPE,GÁS NATURAL,MAR,"66051,05275"
2016,DEZ,REGIÃO NORDESTE,SERGIPE,GÁS NATURAL,MAR,"63036,94798"
2016,JAN,REGIÃO NORDESTE,SERGIPE,GÁS NATURAL,TERRA,"6415,50691"
2016,FEV,REGIÃO NORDESTE,SERGIPE,GÁS NATURAL,TERRA,"6288,20524"
2016,MAR,REGIÃO NORDESTE,SERGIPE,GÁS NATURAL,TERRA,"6576,02475"
2016,ABR,REGIÃO NORDESTE,SERGIPE,GÁS NATURAL,TERRA,"5730,06502"
2016,MAI,REGIÃO NORDESTE,SERGIPE,GÁS NATURAL,TERRA,"5390,11925"
2016,JUN,REGIÃO NORDESTE,SERGIPE,GÁS NATURAL,TERRA,"5992,47185"
2016,JUL,REGIÃO NORDESTE,SERGIPE,GÁS NATURAL,TERRA,"5132,93312"
2016,AGO,REGIÃO NORDESTE,SERGIPE,GÁS NATURAL,TERRA,"4705,80862"
2016,SET,REGIÃO NORDESTE,SERGIPE,GÁS NATURAL,TERRA,"4875,39474"
2016,OUT,REGIÃO NORDESTE,SERGIPE,GÁS NATURAL,TERRA,"5057,38812"
2016,NOV,REGIÃO NORDESTE,SERGIPE,GÁS NATURAL,TERRA,"4689,51965"
2016,DEZ,REGIÃO NORDESTE,SERGIPE,GÁS NATURAL,TERRA,"4483,39289"
2017,JAN,REGIÃO NORDESTE,SERGIPE,GÁS NATURAL,MAR,"61385,20254"
2017,FEV,REGIÃO NORDESTE,SERGIPE,GÁS NATURAL,MAR,"55509,21004"
2017,MAR,REGIÃO NORDESTE,SERGIPE,GÁS NATURAL,MAR,"62203,11092"
2017,ABR,REGIÃO NORDESTE,SERGIPE,GÁS NATURAL,MAR,"61375,77924"
2017,MAI,REGIÃO NORDESTE,SERGIPE,GÁS NATURAL,MAR,"68539,6456"
2017,JUN,REGIÃO NORDESTE,SERGIPE,GÁS NATURAL,MAR,"40633,08827"
2017,JUL,REGIÃO NORDESTE,SERGIPE,GÁS NATURAL,MAR,"67558,97889"
2017,AGO,REGIÃO NORDESTE,SERGIPE,GÁS NATURAL,MAR,"68094,40607"
2017,SET,REGIÃO NORDESTE,SERGIPE,GÁS NATURAL,MAR,"65615,55285"
2017,OUT,REGIÃO NORDESTE,SERGIPE,GÁS NATURAL,MAR,"68455,56185"
2017,NOV,REGIÃO NORDESTE,SERGIPE,GÁS NATURAL,MAR,"69055,41379"
2017,DEZ,REGIÃO NORDESTE,SERGIPE,GÁS NATURAL,MAR,"73345,51795"
2017,JAN,REGIÃO NORDESTE,SERGIPE,GÁS NATURAL,TERRA,"4406,03065"
2017,FEV,REGIÃO NORDESTE,SERGIPE,GÁS NATURAL,TERRA,"3955,29269"
2017,MAR,REGIÃO NORDESTE,SERGIPE,GÁS NATURAL,TERRA,"4248,51298"
2017,ABR,REGIÃO NORDESTE,SERGIPE,GÁS NATURAL,TERRA,"4442,64624"
2017,MAI,REGIÃO NORDESTE,SERGIPE,GÁS NATURAL,TERRA,"4447,31427"
2017,JUN,REGIÃO NORDESTE,SERGIPE,GÁS NATURAL,TERRA,"3746,95156"
2017,JUL,REGIÃO NORDESTE,SERGIPE,GÁS NATURAL,TERRA,"3791,85842"
2017,AGO,REGIÃO NORDESTE,SERGIPE,GÁS NATURAL,TERRA,"4718,94533"
2017,SET,REGIÃO NORDESTE,SERGIPE,GÁS NATURAL,TERRA,"4192,50997"
2017,OUT,REGIÃO NORDESTE,SERGIPE,GÁS NATURAL,TERRA,"4310,424"
2017,NOV,REGIÃO NORDESTE,SERGIPE,GÁS NATURAL,TERRA,"3860,95199"
2017,DEZ,REGIÃO NORDESTE,SERGIPE,GÁS NATURAL,TERRA,"3892,29071"
2018,JAN,REGIÃO NORDESTE,SERGIPE,GÁS NATURAL,MAR,"72870,61446"
2018,FEV,REGIÃO NORDESTE,SERGIPE,GÁS NATURAL,MAR,"60755,00311"
2018,MAR,REGIÃO NORDESTE,SERGIPE,GÁS NATURAL,MAR,"61159,03676"
2018,ABR,REGIÃO NORDESTE,SERGIPE,GÁS NATURAL,MAR,"45521,05304"
2018,MAI,REGIÃO NORDESTE,SERGIPE,GÁS NATURAL,MAR,"63321,70874"
2018,JUN,REGIÃO NORDESTE,SERGIPE,GÁS NATURAL,MAR,"63216,38884"
2018,JUL,REGIÃO NORDESTE,SERGIPE,GÁS NATURAL,MAR,"64388,72711"
2018,AGO,REGIÃO NORDESTE,SERGIPE,GÁS NATURAL,MAR,"63851,97274"
2018,SET,REGIÃO NORDESTE,SERGIPE,GÁS NATURAL,MAR,"62426,29676"
2018,OUT,REGIÃO NORDESTE,SERGIPE,GÁS NATURAL,MAR,"66377,65739"
2018,NOV,REGIÃO NORDESTE,SERGIPE,GÁS NATURAL,MAR,"63282,05383"
2018,DEZ,REGIÃO NORDESTE,SERGIPE,GÁS NATURAL,MAR,"66712,98271"
2018,JAN,REGIÃO NORDESTE,SERGIPE,GÁS NATURAL,TERRA,"4225,07293"
2018,FEV,REGIÃO NORDESTE,SERGIPE,GÁS NATURAL,TERRA,"3495,94481"
2018,MAR,REGIÃO NORDESTE,SERGIPE,GÁS NATURAL,TERRA,"3510,20167"
2018,ABR,REGIÃO NORDESTE,SERGIPE,GÁS NATURAL,TERRA,"3083,27908"
2018,MAI,REGIÃO NORDESTE,SERGIPE,GÁS NATURAL,TERRA,"2828,62664"
2018,JUN,REGIÃO NORDESTE,SERGIPE,GÁS NATURAL,TERRA,"2763,93493"
2018,JUL,REGIÃO NORDESTE,SERGIPE,GÁS NATURAL,TERRA,"2957,36176"
2018,AGO,REGIÃO NORDESTE,SERGIPE,GÁS NATURAL,TERRA,"2793,97786"
2018,SET,REGIÃO NORDESTE,SERGIPE,GÁS NATURAL,TERRA,"2872,07473"
2018,OUT,REGIÃO NORDESTE,SERGIPE,GÁS NATURAL,TERRA,"2980,58242"
2018,NOV,REGIÃO NORDESTE,SERGIPE,GÁS NATURAL,TERRA,"2855,45542"
2018,DEZ,REGIÃO NORDESTE,SERGIPE,GÁS NATURAL,TERRA,"3080,1641"
2019,JAN,REGIÃO NORDESTE,SERGIPE,GÁS NATURAL,MAR,"59946,77809"
2019,FEV,REGIÃO NORDESTE,SERGIPE,GÁS NATURAL,MAR,"46607,8869"
2019,MAR,REGIÃO NORDESTE,SERGIPE,GÁS NATURAL,MAR,"54533,6094"
2019,ABR,REGIÃO NORDESTE,SERGIPE,GÁS NATURAL,MAR,"52774,80544"
2019,MAI,REGIÃO NORDESTE,SERGIPE,GÁS NATURAL,MAR,"54262,33912"
2019,JUN,REGIÃO NORDESTE,SERGIPE,GÁS NATURAL,MAR,"56104,69676"
2019,JUL,REGIÃO NORDESTE,SERGIPE,GÁS NATURAL,MAR,"55006,52999"
2019,AGO,REGIÃO NORDESTE,SERGIPE,GÁS NATURAL,MAR,"33307,93059"
2019,SET,REGIÃO NORDESTE,SERGIPE,GÁS NATURAL,MAR,"58058,31062"
2019,OUT,REGIÃO NORDESTE,SERGIPE,GÁS NATURAL,MAR,"56901,68822"
2019,NOV,REGIÃO NORDESTE,SERGIPE,GÁS NATURAL,MAR,"38000,16644"
2019,DEZ,REGIÃO NORDESTE,SERGIPE,GÁS NATURAL,MAR,"39508,92922"
2019,JAN,REGIÃO NORDESTE,SERGIPE,GÁS NATURAL,TERRA,"3280,59765"
2019,FEV,REGIÃO NORDESTE,SERGIPE,GÁS NATURAL,TERRA,"2857,50131"
2019,MAR,REGIÃO NORDESTE,SERGIPE,GÁS NATURAL,TERRA,"3033,5228"
2019,ABR,REGIÃO NORDESTE,SERGIPE,GÁS NATURAL,TERRA,"3365,58004"
2019,MAI,REGIÃO NORDESTE,SERGIPE,GÁS NATURAL,TERRA,"3492,83996"
2019,JUN,REGIÃO NORDESTE,SERGIPE,GÁS NATURAL,TERRA,"3258,93831"
2019,JUL,REGIÃO NORDESTE,SERGIPE,GÁS NATURAL,TERRA,"3573,0268"
2019,AGO,REGIÃO NORDESTE,SERGIPE,GÁS NATURAL,TERRA,"3568,23325"
2019,SET,REGIÃO NORDESTE,SERGIPE,GÁS NATURAL,TERRA,"3579,16777"
2019,OUT,REGIÃO NORDESTE,SERGIPE,GÁS NATURAL,TERRA,"3750,93286"
2019,NOV,REGIÃO NORDESTE,SERGIPE,GÁS NATURAL,TERRA,"3281,47135"
2019,DEZ,REGIÃO NORDESTE,SERGIPE,GÁS NATURAL,TERRA,"3377,5109"
2020,JAN,REGIÃO NORDESTE,SERGIPE,GÁS NATURAL,MAR,"41391,49751"
2020,FEV,REGIÃO NORDESTE,SERGIPE,GÁS NATURAL,MAR,"43054,3275"
2020,MAR,REGIÃO NORDESTE,SERGIPE,GÁS NATURAL,MAR,"52098,0665"
2020,ABR,REGIÃO NORDESTE,SERGIPE,GÁS NATURAL,MAR,"9348,85486"
2020,MAI,REGIÃO NORDESTE,SERGIPE,GÁS NATURAL,MAR,"255,829"
2020,JUN,REGIÃO NORDESTE,SERGIPE,GÁS NATURAL,MAR,"262,88267"
2020,JUL,REGIÃO NORDESTE,SERGIPE,GÁS NATURAL,MAR,"253,77842"
2020,AGO,REGIÃO NORDESTE,SERGIPE,GÁS NATURAL,MAR,"294,31433"
2020,SET,REGIÃO NORDESTE,SERGIPE,GÁS NATURAL,MAR,"252,229"
2020,OUT,REGIÃO NORDESTE,SERGIPE,GÁS NATURAL,MAR,"223,231"
2020,NOV,REGIÃO NORDESTE,SERGIPE,GÁS NATURAL,MAR,"273,57"
2020,DEZ,REGIÃO NORDESTE,SERGIPE,GÁS NATURAL,MAR,"226,94107"
2020,JAN,REGIÃO NORDESTE,SERGIPE,GÁS NATURAL,TERRA,"3152,8239"
2020,FEV,REGIÃO NORDESTE,SERGIPE,GÁS NATURAL,TERRA,"2885,89494"
2020,MAR,REGIÃO NORDESTE,SERGIPE,GÁS NATURAL,TERRA,"2981,4437"
2020,ABR,REGIÃO NORDESTE,SERGIPE,GÁS NATURAL,TERRA,"2245,93457"
2020,MAI,REGIÃO NORDESTE,SERGIPE,GÁS NATURAL,TERRA,"2095,08237"
2020,JUN,REGIÃO NORDESTE,SERGIPE,GÁS NATURAL,TERRA,"1869,25348"
2020,JUL,REGIÃO NORDESTE,SERGIPE,GÁS NATURAL,TERRA,"1945,11409"
2020,AGO,REGIÃO NORDESTE,SERGIPE,GÁS NATURAL,TERRA,"1821,69613"
2020,SET,REGIÃO NORDESTE,SERGIPE,GÁS NATURAL,TERRA,"1638,12614"
2020,OUT,REGIÃO NORDESTE,SERGIPE,GÁS NATURAL,TERRA,"1794,96026"
2020,NOV,REGIÃO NORDESTE,SERGIPE,GÁS NATURAL,TERRA,"1605,07278"
2020,DEZ,REGIÃO NORDESTE,SERGIPE,GÁS NATURAL,TERRA,"1444,49876"
2021,JAN,REGIÃO NORDESTE,SERGIPE,GÁS NATURAL,MAR,"253,778"
2021,FEV,REGIÃO NORDESTE,SERGIPE,GÁS NATURAL,MAR,"261,087"
2021,MAR,REGIÃO NORDESTE,SERGIPE,GÁS NATURAL,MAR,"256,113"
2021,ABR,REGIÃO NORDESTE,SERGIPE,GÁS NATURAL,MAR,"190,834"
2021,MAI,REGIÃO NORDESTE,SERGIPE,GÁS NATURAL,MAR,"202,856"
2021,JUN,REGIÃO NORDESTE,SERGIPE,GÁS NATURAL,MAR,"191,95944"
2021,JUL,REGIÃO NORDESTE,SERGIPE,GÁS NATURAL,MAR,"240,21738"
2021,AGO,REGIÃO NORDESTE,SERGIPE,GÁS NATURAL,MAR,"60,21733"
2021,SET,REGIÃO NORDESTE,SERGIPE,GÁS NATURAL,MAR,"0,8059"
2021,OUT,REGIÃO NORDESTE,SERGIPE,GÁS NATURAL,MAR,"2,03743"
2021,NOV,REGIÃO NORDESTE,SERGIPE,GÁS NATURAL,MAR,"12,22866"
2021,DEZ,REGIÃO NORDESTE,SERGIPE,GÁS NATURAL,MAR,"27,71665"
2021,JAN,REGIÃO NORDESTE,SERGIPE,GÁS NATURAL,TERRA,"1514,2979"
2021,FEV,REGIÃO NORDESTE,SERGIPE,GÁS NATURAL,TERRA,"1540,0554"
2021,MAR,REGIÃO NORDESTE,SERGIPE,GÁS NATURAL,TERRA,"1591,15982"
2021,ABR,REGIÃO NORDESTE,SERGIPE,GÁS NATURAL,TERRA,"1381,61418"
2021,MAI,REGIÃO NORDESTE,SERGIPE,GÁS NATURAL,TERRA,"1401,74202"
2021,JUN,REGIÃO NORDESTE,SERGIPE,GÁS NATURAL,TERRA,"1310,14326"
2021,JUL,REGIÃO NORDESTE,SERGIPE,GÁS NATURAL,TERRA,"1374,48223"
2021,AGO,REGIÃO NORDESTE,SERGIPE,GÁS NATURAL,TERRA,"1349,14461"
2021,SET,REGIÃO NORDESTE,SERGIPE,GÁS NATURAL,TERRA,"1210,80126"
2021,OUT,REGIÃO NORDESTE,SERGIPE,GÁS NATURAL,TERRA,"1361,36245"
2021,NOV,REGIÃO NORDESTE,SERGIPE,GÁS NATURAL,TERRA,"1198,12993"
2021,DEZ,REGIÃO NORDESTE,SERGIPE,GÁS NATURAL,TERRA,"1315,75289"
2022,JAN,REGIÃO NORDESTE,SERGIPE,GÁS NATURAL,MAR,"46,22629"
2022,FEV,REGIÃO NORDESTE,SERGIPE,GÁS NATURAL,MAR,"72,09924"
2022,MAR,REGIÃO NORDESTE,SERGIPE,GÁS NATURAL,MAR,"76,20181"
2022,ABR,REGIÃO NORDESTE,SERGIPE,GÁS NATURAL,MAR,"78,43979"
2022,MAI,REGIÃO NORDESTE,SERGIPE,GÁS NATURAL,MAR,"86,74005"
2022,JUN,REGIÃO NORDESTE,SERGIPE,GÁS NATURAL,MAR,"93,47567"
2022,JUL,REGIÃO NORDESTE,SERGIPE,GÁS NATURAL,MAR,"85,50761"
2022,AGO,REGIÃO NORDESTE,SERGIPE,GÁS NATURAL,MAR,"94,09785"
2022,SET,REGIÃO NORDESTE,SERGIPE,GÁS NATURAL,MAR,"94,95712"
2022,OUT,REGIÃO NORDESTE,SERGIPE,GÁS NATURAL,MAR,"99,03172"
2022,NOV,REGIÃO NORDESTE,SERGIPE,GÁS NATURAL,MAR,"91,51103"
2022,DEZ,REGIÃO NORDESTE,SERGIPE,GÁS NATURAL,MAR,"87,15384"
2022,JAN,REGIÃO NORDESTE,SERGIPE,GÁS NATURAL,TERRA,"1108,86127"
2022,FEV,REGIÃO NORDESTE,SERGIPE,GÁS NATURAL,TERRA,"926,4301"
2022,MAR,REGIÃO NORDESTE,SERGIPE,GÁS NATURAL,TERRA,"1484,9844"
2022,ABR,REGIÃO NORDESTE,SERGIPE,GÁS NATURAL,TERRA,"1269,63687"
2022,MAI,REGIÃO NORDESTE,SERGIPE,GÁS NATURAL,TERRA,"820,70526"
2022,JUN,REGIÃO NORDESTE,SERGIPE,GÁS NATURAL,TERRA,"80,09618"
2022,JUL,REGIÃO NORDESTE,SERGIPE,GÁS NATURAL,TERRA,"90,17893"
2022,AGO,REGIÃO NORDESTE,SERGIPE,GÁS NATURAL,TERRA,"79,87931"
2022,SET,REGIÃO NORDESTE,SERGIPE,GÁS NATURAL,TERRA,"83,12143"
2022,OUT,REGIÃO NORDESTE,SERGIPE,GÁS NATURAL,TERRA,"331,7614"
2022,NOV,REGIÃO NORDESTE,SERGIPE,GÁS NATURAL,TERRA,"743,38803"
2022,DEZ,REGIÃO NORDESTE,SERGIPE,GÁS NATURAL,TERRA,"1081,77968"
2023,JAN,REGIÃO NORDESTE,SERGIPE,GÁS NATURAL,MAR,"86,289"
2023,FEV,REGIÃO NORDESTE,SERGIPE,GÁS NATURAL,MAR,"86,386"
2023,MAR,REGIÃO NORDESTE,SERGIPE,GÁS NATURAL,MAR,"92,61"
2023,ABR,REGIÃO NORDESTE,SERGIPE,GÁS NATURAL,MAR,"83,63"
2023,MAI,REGIÃO NORDESTE,SERGIPE,GÁS NATURAL,MAR,"84,584"
2023,JUN,REGIÃO NORDESTE,SERGIPE,GÁS NATURAL,MAR,"74,974"
2023,JUL,REGIÃO NORDESTE,SERGIPE,GÁS NATURAL,MAR,"66,231"
2023,AGO,REGIÃO NORDESTE,SERGIPE,GÁS NATURAL,MAR,"54,529"
2023,JAN,REGIÃO NORDESTE,SERGIPE,GÁS NATURAL,TERRA,"1168,05"
2023,FEV,REGIÃO NORDESTE,SERGIPE,GÁS NATURAL,TERRA,"1067,749"
2023,MAR,REGIÃO NORDESTE,SERGIPE,GÁS NATURAL,TERRA,"1557,696"
2023,ABR,REGIÃO NORDESTE,SERGIPE,GÁS NATURAL,TERRA,"1473,559"
2023,MAI,REGIÃO NORDESTE,SERGIPE,GÁS NATURAL,TERRA,"1531,448"
2023,JUN,REGIÃO NORDESTE,SERGIPE,GÁS NATURAL,TERRA,"1449,328"
2023,JUL,REGIÃO NORDESTE,SERGIPE,GÁS NATURAL,TERRA,"1466,205"
2023,AGO,REGIÃO NORDESTE,SERGIPE,GÁS NATURAL,TERRA,"1739,312"
