exercicio,periodo,periodicidade,instituicao,cod_ibge,uf,co_poder,populacao,anexo,esfera,rotulo,coluna,cod_conta,conta,valor
2015,3,Q,Governo do Estado de Sergipe,28,SE,E,2219574,RGF-Anexo 02,E,,Até o 3º Quadrimestre,DividaConsolidadaLiquida,DÍVIDA CONSOLIDADA LÍQUIDA (DCL) (III) = (I - II),"4385703603,8"
2015,3,Q,Governo do Estado de Sergipe,28,SE,E,2219574,RGF-Anexo 02,E,,Até o 3º Quadrimestre,RGF2ReceitaCorrenteLiquida,RECEITA CORRENTE LÍQUIDA - RCL,"6353339374,91"
2015,3,Q,Governo do Estado de Sergipe,28,SE,E,2219574,RGF-Anexo 02,E,,Até o 3º Quadrimestre,PercentualDaDCLSobreARCL,% da DCL sobre a RCL (III/RCL),"69,03"
2016,3,Q,Governo do Estado de Sergipe,28,SE,E,2242937,RGF-Anexo 02,E,,Até o 3º Quadrimestre,DividaConsolidadaLiquida,DÍVIDA CONSOLIDADA LÍQUIDA (DCL) (III) = (I - II),"4101940899,04"
2016,3,Q,Governo do Estado de Sergipe,28,SE,E,2242937,RGF-Anexo 02,E,,Até o 3º Quadrimestre,RGF2ReceitaCorrenteLiquida,RECEITA CORRENTE LÍQUIDA - RCL,"6787495872,54"
2016,3,Q,Governo do Estado de Sergipe,28,SE,E,2242937,RGF-Anexo 02,E,,Até o 3º Quadrimestre,PercentualDaDCLSobreARCL,% da DCL sobre a RCL (III/RCL),"60,43"
2017,3,Q,Governo do Estado de Sergipe,28,SE,E,2265779,RGF-Anexo 02,E,,Até o 3º Quadrimestre,DividaConsolidadaLiquida,DÍVIDA CONSOLIDADA LÍQUIDA (DCL) (III) = (I - II),"3992519479,47"
2017,3,Q,Governo do Estado de Sergipe,28,SE,E,2265779,RGF-Anexo 02,E,,Até o 3º Quadrimestre,RGF2ReceitaCorrenteLiquida,RECEITA CORRENTE LÍQUIDA - RCL,"6885059829,86"
2017,3,Q,Governo do Estado de Sergipe,28,SE,E,2265779,RGF-Anexo 02,E,,Até o 3º Quadrimestre,PercentualDaDCLSobreARCL,% da DCL sobre a RCL (III/RCL),"57,99"
2018,3,Q,Governo do Estado de Sergipe,28,SE,E,2265779,RGF-Anexo 02,E,Padrão,Até o 3º Quadrimestre,DividaConsolidadaLiquida,DÍVIDA CONSOLIDADA LÍQUIDA (DCL) (III) = (I - II),"3400013691,54"
2018,3,Q,Governo do Estado de Sergipe,28,SE,E,2265779,RGF-Anexo 02,E,Padrão,Até o 3º Quadrimestre,RGF2ReceitaCorrenteLiquida,RECEITA CORRENTE LÍQUIDA - RCL,"7371485136,67"
2018,3,Q,Governo do Estado de Sergipe,28,SE,E,2265779,RGF-Anexo 02,E,Padrão,Até o 3º Quadrimestre,PercentualDaDCLSobreARCL,% da DCL sobre a RCL (III/RCL),"46,12"
2019,3,Q,Governo do Estado de Sergipe,28,SE,E,2278308,RGF-Anexo 02,E,Padrão,Até o 3º Quadrimestre,DividaConsolidadaLiquida,DÍVIDA CONSOLIDADA LÍQUIDA (DCL) (III) = (I - II),"3695263444,12"
2019,3,Q,Governo do Estado de Sergipe,28,SE,E,2278308,RGF-Anexo 02,E,Padrão,Até o 3º Quadrimestre,RGF2ReceitaCorrenteLiquida,RECEITA CORRENTE LÍQUIDA - RCL,"8053614115,0"
2019,3,Q,Governo do Estado de Sergipe,28,SE,E,2278308,RGF-Anexo 02,E,Padrão,Até o 3º Quadrimestre,PercentualDaDCLSobreARCL,% da DCL sobre a RCL (III/RCL),"45,88"
2020,3,Q,Governo do Estado de Sergipe,28,SE,E,2298696,RGF-Anexo 02,E,Padrão,Até o 3º Quadrimestre,DividaConsolidadaLiquida,DÍVIDA CONSOLIDADA LÍQUIDA (DCL) (III) = (I - II),"3364371947,53"
2020,3,Q,Governo do Estado de Sergipe,28,SE,E,2298696,RGF-Anexo 02,E,Padrão,Até o 3º Quadrimestre,RGF2ReceitaCorrenteLiquida,RECEITA CORRENTE LÍQUIDA - RCL (IV),"8724606234,62"
2020,3,Q,Governo do Estado de Sergipe,28,SE,E,2298696,RGF-Anexo 02,E,Padrão,Até o 3º Quadrimestre,PercentualDaDCLSobreARCL,% da DCL sobre a RCL AJUSTADA (III/VI),"38,67"
2021,3,Q,Governo do Estado de Sergipe,28,SE,E,2318822,RGF-Anexo 02,E,Padrão,Até o 3º Quadrimestre,DividaConsolidadaLiquida,DÍVIDA CONSOLIDADA LÍQUIDA (DCL) (III) = (I - II),"2843275395,19"
2021,3,Q,Governo do Estado de Sergipe,28,SE,E,2318822,RGF-Anexo 02,E,Padrão,Até o 3º Quadrimestre,RGF2ReceitaCorrenteLiquida,RECEITA CORRENTE LÍQUIDA - RCL (IV),"9674448310,22"
2021,3,Q,Governo do Estado de Sergipe,28,SE,E,2318822,RGF-Anexo 02,E,Padrão,Até o 3º Quadrimestre,PercentualDaDCLSobreARCL,% da DCL sobre a RCL AJUSTADA (III/VI),"29,4"
2022,3,Q,Governo do Estado de Sergipe,28,SE,E,2338474,RGF-Anexo 02,E,Padrão,Até o 3º Quadrimestre,DividaConsolidadaLiquida,DÍVIDA CONSOLIDADA LÍQUIDA (DCL) (III) = (I - II),"3543671294,86"
2022,3,Q,Governo do Estado de Sergipe,28,SE,E,2338474,RGF-Anexo 02,E,Padrão,Até o 3º Quadrimestre,RGF2ReceitaCorrenteLiquida,RECEITA CORRENTE LÍQUIDA - RCL (IV),"11296095375,56"
2022,3,Q,Governo do Estado de Sergipe,28,SE,E,2338474,RGF-Anexo 02,E,Padrão,Até o 3º Quadrimestre,PercentualDaDCLSobreARCL,% da DCL sobre a RCL AJUSTADA (III/VI),"31,38"
