Nível Territorial (Código),Nível Territorial,Unidade de Medida (Código),Unidade de Medida,Valor,Unidade da Federação (Código),Unidade da Federação,Variável (Código),Variável,Trimestre (Código),Trimestre,Grupamento de atividade no trabalho principal (Código),Grupamento de atividade no trabalho principal
3,Unidade da Federação,1572,Mil pessoas,153,28,Sergipe,4090,Pessoas de 14 anos ou mais de idade ocupadas na semana de referência,201204,4º trimestre 2012,47947,"Agricultura, pecuária, produção florestal, pesca e aquicultura"
3,Unidade da Federação,1572,Mil pessoas,109,28,Sergipe,4090,Pessoas de 14 anos ou mais de idade ocupadas na semana de referência,201204,4º trimestre 2012,47948,Indústria geral
3,Unidade da Federação,1572,Mil pessoas,90,28,Sergipe,4090,Pessoas de 14 anos ou mais de idade ocupadas na semana de referência,201204,4º trimestre 2012,47949,Construção
3,Unidade da Federação,1572,Mil pessoas,175,28,Sergipe,4090,Pessoas de 14 anos ou mais de idade ocupadas na semana de referência,201204,4º trimestre 2012,47950,"Comércio, reparação de veículos automotores e motocicletas"
3,Unidade da Federação,1572,Mil pessoas,41,28,Sergipe,4090,Pessoas de 14 anos ou mais de idade ocupadas na semana de referência,201204,4º trimestre 2012,56622,"Transporte, armazenagem e correio"
3,Unidade da Federação,1572,Mil pessoas,41,28,Sergipe,4090,Pessoas de 14 anos ou mais de idade ocupadas na semana de referência,201204,4º trimestre 2012,56623,Alojamento e alimentação
3,Unidade da Federação,1572,Mil pessoas,69,28,Sergipe,4090,Pessoas de 14 anos ou mais de idade ocupadas na semana de referência,201204,4º trimestre 2012,56624,"Informação, comunicação e atividades financeiras, imobiliárias, profissionais e administrativas"
3,Unidade da Federação,1572,Mil pessoas,149,28,Sergipe,4090,Pessoas de 14 anos ou mais de idade ocupadas na semana de referência,201204,4º trimestre 2012,60032,"Administração pública, defesa, seguridade social, educação, saúde humana e serviços sociais"
3,Unidade da Federação,1572,Mil pessoas,152,28,Sergipe,4090,Pessoas de 14 anos ou mais de idade ocupadas na semana de referência,201304,4º trimestre 2013,47947,"Agricultura, pecuária, produção florestal, pesca e aquicultura"
3,Unidade da Federação,1572,Mil pessoas,97,28,Sergipe,4090,Pessoas de 14 anos ou mais de idade ocupadas na semana de referência,201304,4º trimestre 2013,47948,Indústria geral
3,Unidade da Federação,1572,Mil pessoas,79,28,Sergipe,4090,Pessoas de 14 anos ou mais de idade ocupadas na semana de referência,201304,4º trimestre 2013,47949,Construção
3,Unidade da Federação,1572,Mil pessoas,185,28,Sergipe,4090,Pessoas de 14 anos ou mais de idade ocupadas na semana de referência,201304,4º trimestre 2013,47950,"Comércio, reparação de veículos automotores e motocicletas"
3,Unidade da Federação,1572,Mil pessoas,44,28,Sergipe,4090,Pessoas de 14 anos ou mais de idade ocupadas na semana de referência,201304,4º trimestre 2013,56622,"Transporte, armazenagem e correio"
3,Unidade da Federação,1572,Mil pessoas,33,28,Sergipe,4090,Pessoas de 14 anos ou mais de idade ocupadas na semana de referência,201304,4º trimestre 2013,56623,Alojamento e alimentação
3,Unidade da Federação,1572,Mil pessoas,71,28,Sergipe,4090,Pessoas de 14 anos ou mais de idade ocupadas na semana de referência,201304,4º trimestre 2013,56624,"Informação, comunicação e atividades financeiras, imobiliárias, profissionais e administrativas"
3,Unidade da Federação,1572,Mil pessoas,156,28,Sergipe,4090,Pessoas de 14 anos ou mais de idade ocupadas na semana de referência,201304,4º trimestre 2013,60032,"Administração pública, defesa, seguridade social, educação, saúde humana e serviços sociais"
3,Unidade da Federação,1572,Mil pessoas,158,28,Sergipe,4090,Pessoas de 14 anos ou mais de idade ocupadas na semana de referência,201404,4º trimestre 2014,47947,"Agricultura, pecuária, produção florestal, pesca e aquicultura"
3,Unidade da Federação,1572,Mil pessoas,99,28,Sergipe,4090,Pessoas de 14 anos ou mais de idade ocupadas na semana de referência,201404,4º trimestre 2014,47948,Indústria geral
3,Unidade da Federação,1572,Mil pessoas,75,28,Sergipe,4090,Pessoas de 14 anos ou mais de idade ocupadas na semana de referência,201404,4º trimestre 2014,47949,Construção
3,Unidade da Federação,1572,Mil pessoas,190,28,Sergipe,4090,Pessoas de 14 anos ou mais de idade ocupadas na semana de referência,201404,4º trimestre 2014,47950,"Comércio, reparação de veículos automotores e motocicletas"
3,Unidade da Federação,1572,Mil pessoas,45,28,Sergipe,4090,Pessoas de 14 anos ou mais de idade ocupadas na semana de referência,201404,4º trimestre 2014,56622,"Transporte, armazenagem e correio"
3,Unidade da Federação,1572,Mil pessoas,41,28,Sergipe,4090,Pessoas de 14 anos ou mais de idade ocupadas na semana de referência,201404,4º trimestre 2014,56623,Alojamento e alimentação
3,Unidade da Federação,1572,Mil pessoas,83,28,Sergipe,4090,Pessoas de 14 anos ou mais de idade ocupadas na semana de referência,201404,4º trimestre 2014,56624,"Informação, comunicação e atividades financeiras, imobiliárias, profissionais e administrativas"
3,Unidade da Federação,1572,Mil pessoas,163,28,Sergipe,4090,Pessoas de 14 anos ou mais de idade ocupadas na semana de referência,201404,4º trimestre 2014,60032,"Administração pública, defesa, seguridade social, educação, saúde humana e serviços sociais"
3,Unidade da Federação,1572,Mil pessoas,163,28,Sergipe,4090,Pessoas de 14 anos ou mais de idade ocupadas na semana de referência,201504,4º trimestre 2015,47947,"Agricultura, pecuária, produção florestal, pesca e aquicultura"
3,Unidade da Federação,1572,Mil pessoas,88,28,Sergipe,4090,Pessoas de 14 anos ou mais de idade ocupadas na semana de referência,201504,4º trimestre 2015,47948,Indústria geral
3,Unidade da Federação,1572,Mil pessoas,81,28,Sergipe,4090,Pessoas de 14 anos ou mais de idade ocupadas na semana de referência,201504,4º trimestre 2015,47949,Construção
3,Unidade da Federação,1572,Mil pessoas,187,28,Sergipe,4090,Pessoas de 14 anos ou mais de idade ocupadas na semana de referência,201504,4º trimestre 2015,47950,"Comércio, reparação de veículos automotores e motocicletas"
3,Unidade da Federação,1572,Mil pessoas,41,28,Sergipe,4090,Pessoas de 14 anos ou mais de idade ocupadas na semana de referência,201504,4º trimestre 2015,56622,"Transporte, armazenagem e correio"
3,Unidade da Federação,1572,Mil pessoas,37,28,Sergipe,4090,Pessoas de 14 anos ou mais de idade ocupadas na semana de referência,201504,4º trimestre 2015,56623,Alojamento e alimentação
3,Unidade da Federação,1572,Mil pessoas,63,28,Sergipe,4090,Pessoas de 14 anos ou mais de idade ocupadas na semana de referência,201504,4º trimestre 2015,56624,"Informação, comunicação e atividades financeiras, imobiliárias, profissionais e administrativas"
3,Unidade da Federação,1572,Mil pessoas,156,28,Sergipe,4090,Pessoas de 14 anos ou mais de idade ocupadas na semana de referência,201504,4º trimestre 2015,60032,"Administração pública, defesa, seguridade social, educação, saúde humana e serviços sociais"
3,Unidade da Federação,1572,Mil pessoas,146,28,Sergipe,4090,Pessoas de 14 anos ou mais de idade ocupadas na semana de referência,201604,4º trimestre 2016,47947,"Agricultura, pecuária, produção florestal, pesca e aquicultura"
3,Unidade da Federação,1572,Mil pessoas,75,28,Sergipe,4090,Pessoas de 14 anos ou mais de idade ocupadas na semana de referência,201604,4º trimestre 2016,47948,Indústria geral
3,Unidade da Federação,1572,Mil pessoas,69,28,Sergipe,4090,Pessoas de 14 anos ou mais de idade ocupadas na semana de referência,201604,4º trimestre 2016,47949,Construção
3,Unidade da Federação,1572,Mil pessoas,185,28,Sergipe,4090,Pessoas de 14 anos ou mais de idade ocupadas na semana de referência,201604,4º trimestre 2016,47950,"Comércio, reparação de veículos automotores e motocicletas"
3,Unidade da Federação,1572,Mil pessoas,39,28,Sergipe,4090,Pessoas de 14 anos ou mais de idade ocupadas na semana de referência,201604,4º trimestre 2016,56622,"Transporte, armazenagem e correio"
3,Unidade da Federação,1572,Mil pessoas,46,28,Sergipe,4090,Pessoas de 14 anos ou mais de idade ocupadas na semana de referência,201604,4º trimestre 2016,56623,Alojamento e alimentação
3,Unidade da Federação,1572,Mil pessoas,66,28,Sergipe,4090,Pessoas de 14 anos ou mais de idade ocupadas na semana de referência,201604,4º trimestre 2016,56624,"Informação, comunicação e atividades financeiras, imobiliárias, profissionais e administrativas"
3,Unidade da Federação,1572,Mil pessoas,155,28,Sergipe,4090,Pessoas de 14 anos ou mais de idade ocupadas na semana de referência,201604,4º trimestre 2016,60032,"Administração pública, defesa, seguridade social, educação, saúde humana e serviços sociais"
3,Unidade da Federação,1572,Mil pessoas,138,28,Sergipe,4090,Pessoas de 14 anos ou mais de idade ocupadas na semana de referência,201704,4º trimestre 2017,47947,"Agricultura, pecuária, produção florestal, pesca e aquicultura"
3,Unidade da Federação,1572,Mil pessoas,80,28,Sergipe,4090,Pessoas de 14 anos ou mais de idade ocupadas na semana de referência,201704,4º trimestre 2017,47948,Indústria geral
3,Unidade da Federação,1572,Mil pessoas,70,28,Sergipe,4090,Pessoas de 14 anos ou mais de idade ocupadas na semana de referência,201704,4º trimestre 2017,47949,Construção
3,Unidade da Federação,1572,Mil pessoas,193,28,Sergipe,4090,Pessoas de 14 anos ou mais de idade ocupadas na semana de referência,201704,4º trimestre 2017,47950,"Comércio, reparação de veículos automotores e motocicletas"
3,Unidade da Federação,1572,Mil pessoas,39,28,Sergipe,4090,Pessoas de 14 anos ou mais de idade ocupadas na semana de referência,201704,4º trimestre 2017,56622,"Transporte, armazenagem e correio"
3,Unidade da Federação,1572,Mil pessoas,45,28,Sergipe,4090,Pessoas de 14 anos ou mais de idade ocupadas na semana de referência,201704,4º trimestre 2017,56623,Alojamento e alimentação
3,Unidade da Federação,1572,Mil pessoas,77,28,Sergipe,4090,Pessoas de 14 anos ou mais de idade ocupadas na semana de referência,201704,4º trimestre 2017,56624,"Informação, comunicação e atividades financeiras, imobiliárias, profissionais e administrativas"
3,Unidade da Federação,1572,Mil pessoas,153,28,Sergipe,4090,Pessoas de 14 anos ou mais de idade ocupadas na semana de referência,201704,4º trimestre 2017,60032,"Administração pública, defesa, seguridade social, educação, saúde humana e serviços sociais"
3,Unidade da Federação,1572,Mil pessoas,119,28,Sergipe,4090,Pessoas de 14 anos ou mais de idade ocupadas na semana de referência,201804,4º trimestre 2018,47947,"Agricultura, pecuária, produção florestal, pesca e aquicultura"
3,Unidade da Federação,1572,Mil pessoas,88,28,Sergipe,4090,Pessoas de 14 anos ou mais de idade ocupadas na semana de referência,201804,4º trimestre 2018,47948,Indústria geral
3,Unidade da Federação,1572,Mil pessoas,65,28,Sergipe,4090,Pessoas de 14 anos ou mais de idade ocupadas na semana de referência,201804,4º trimestre 2018,47949,Construção
3,Unidade da Federação,1572,Mil pessoas,190,28,Sergipe,4090,Pessoas de 14 anos ou mais de idade ocupadas na semana de referência,201804,4º trimestre 2018,47950,"Comércio, reparação de veículos automotores e motocicletas"
3,Unidade da Federação,1572,Mil pessoas,48,28,Sergipe,4090,Pessoas de 14 anos ou mais de idade ocupadas na semana de referência,201804,4º trimestre 2018,56622,"Transporte, armazenagem e correio"
3,Unidade da Federação,1572,Mil pessoas,45,28,Sergipe,4090,Pessoas de 14 anos ou mais de idade ocupadas na semana de referência,201804,4º trimestre 2018,56623,Alojamento e alimentação
3,Unidade da Federação,1572,Mil pessoas,82,28,Sergipe,4090,Pessoas de 14 anos ou mais de idade ocupadas na semana de referência,201804,4º trimestre 2018,56624,"Informação, comunicação e atividades financeiras, imobiliárias, profissionais e administrativas"
3,Unidade da Federação,1572,Mil pessoas,158,28,Sergipe,4090,Pessoas de 14 anos ou mais de idade ocupadas na semana de referência,201804,4º trimestre 2018,60032,"Administração pública, defesa, seguridade social, educação, saúde humana e serviços sociais"
3,Unidade da Federação,1572,Mil pessoas,128,28,Sergipe,4090,Pessoas de 14 anos ou mais de idade ocupadas na semana de referência,201904,4º trimestre 2019,47947,"Agricultura, pecuária, produção florestal, pesca e aquicultura"
3,Unidade da Federação,1572,Mil pessoas,83,28,Sergipe,4090,Pessoas de 14 anos ou mais de idade ocupadas na semana de referência,201904,4º trimestre 2019,47948,Indústria geral
3,Unidade da Federação,1572,Mil pessoas,76,28,Sergipe,4090,Pessoas de 14 anos ou mais de idade ocupadas na semana de referência,201904,4º trimestre 2019,47949,Construção
3,Unidade da Federação,1572,Mil pessoas,190,28,Sergipe,4090,Pessoas de 14 anos ou mais de idade ocupadas na semana de referência,201904,4º trimestre 2019,47950,"Comércio, reparação de veículos automotores e motocicletas"
3,Unidade da Federação,1572,Mil pessoas,46,28,Sergipe,4090,Pessoas de 14 anos ou mais de idade ocupadas na semana de referência,201904,4º trimestre 2019,56622,"Transporte, armazenagem e correio"
3,Unidade da Federação,1572,Mil pessoas,52,28,Sergipe,4090,Pessoas de 14 anos ou mais de idade ocupadas na semana de referência,201904,4º trimestre 2019,56623,Alojamento e alimentação
3,Unidade da Federação,1572,Mil pessoas,94,28,Sergipe,4090,Pessoas de 14 anos ou mais de idade ocupadas na semana de referência,201904,4º trimestre 2019,56624,"Informação, comunicação e atividades financeiras, imobiliárias, profissionais e administrativas"
3,Unidade da Federação,1572,Mil pessoas,171,28,Sergipe,4090,Pessoas de 14 anos ou mais de idade ocupadas na semana de referência,201904,4º trimestre 2019,60032,"Administração pública, defesa, seguridade social, educação, saúde humana e serviços sociais"
3,Unidade da Federação,1572,Mil pessoas,140,28,Sergipe,4090,Pessoas de 14 anos ou mais de idade ocupadas na semana de referência,202004,4º trimestre 2020,47947,"Agricultura, pecuária, produção florestal, pesca e aquicultura"
3,Unidade da Federação,1572,Mil pessoas,74,28,Sergipe,4090,Pessoas de 14 anos ou mais de idade ocupadas na semana de referência,202004,4º trimestre 2020,47948,Indústria geral
3,Unidade da Federação,1572,Mil pessoas,58,28,Sergipe,4090,Pessoas de 14 anos ou mais de idade ocupadas na semana de referência,202004,4º trimestre 2020,47949,Construção
3,Unidade da Federação,1572,Mil pessoas,160,28,Sergipe,4090,Pessoas de 14 anos ou mais de idade ocupadas na semana de referência,202004,4º trimestre 2020,47950,"Comércio, reparação de veículos automotores e motocicletas"
3,Unidade da Federação,1572,Mil pessoas,38,28,Sergipe,4090,Pessoas de 14 anos ou mais de idade ocupadas na semana de referência,202004,4º trimestre 2020,56622,"Transporte, armazenagem e correio"
3,Unidade da Federação,1572,Mil pessoas,46,28,Sergipe,4090,Pessoas de 14 anos ou mais de idade ocupadas na semana de referência,202004,4º trimestre 2020,56623,Alojamento e alimentação
3,Unidade da Federação,1572,Mil pessoas,99,28,Sergipe,4090,Pessoas de 14 anos ou mais de idade ocupadas na semana de referência,202004,4º trimestre 2020,56624,"Informação, comunicação e atividades financeiras, imobiliárias, profissionais e administrativas"
3,Unidade da Federação,1572,Mil pessoas,172,28,Sergipe,4090,Pessoas de 14 anos ou mais de idade ocupadas na semana de referência,202004,4º trimestre 2020,60032,"Administração pública, defesa, seguridade social, educação, saúde humana e serviços sociais"
3,Unidade da Federação,1572,Mil pessoas,147,28,Sergipe,4090,Pessoas de 14 anos ou mais de idade ocupadas na semana de referência,202104,4º trimestre 2021,47947,"Agricultura, pecuária, produção florestal, pesca e aquicultura"
3,Unidade da Federação,1572,Mil pessoas,86,28,Sergipe,4090,Pessoas de 14 anos ou mais de idade ocupadas na semana de referência,202104,4º trimestre 2021,47948,Indústria geral
3,Unidade da Federação,1572,Mil pessoas,67,28,Sergipe,4090,Pessoas de 14 anos ou mais de idade ocupadas na semana de referência,202104,4º trimestre 2021,47949,Construção
3,Unidade da Federação,1572,Mil pessoas,210,28,Sergipe,4090,Pessoas de 14 anos ou mais de idade ocupadas na semana de referência,202104,4º trimestre 2021,47950,"Comércio, reparação de veículos automotores e motocicletas"
3,Unidade da Federação,1572,Mil pessoas,42,28,Sergipe,4090,Pessoas de 14 anos ou mais de idade ocupadas na semana de referência,202104,4º trimestre 2021,56622,"Transporte, armazenagem e correio"
3,Unidade da Federação,1572,Mil pessoas,43,28,Sergipe,4090,Pessoas de 14 anos ou mais de idade ocupadas na semana de referência,202104,4º trimestre 2021,56623,Alojamento e alimentação
3,Unidade da Federação,1572,Mil pessoas,93,28,Sergipe,4090,Pessoas de 14 anos ou mais de idade ocupadas na semana de referência,202104,4º trimestre 2021,56624,"Informação, comunicação e atividades financeiras, imobiliárias, profissionais e administrativas"
3,Unidade da Federação,1572,Mil pessoas,177,28,Sergipe,4090,Pessoas de 14 anos ou mais de idade ocupadas na semana de referência,202104,4º trimestre 2021,60032,"Administração pública, defesa, seguridade social, educação, saúde humana e serviços sociais"
3,Unidade da Federação,1572,Mil pessoas,126,28,Sergipe,4090,Pessoas de 14 anos ou mais de idade ocupadas na semana de referência,202204,4º trimestre 2022,47947,"Agricultura, pecuária, produção florestal, pesca e aquicultura"
3,Unidade da Federação,1572,Mil pessoas,79,28,Sergipe,4090,Pessoas de 14 anos ou mais de idade ocupadas na semana de referência,202204,4º trimestre 2022,47948,Indústria geral
3,Unidade da Federação,1572,Mil pessoas,76,28,Sergipe,4090,Pessoas de 14 anos ou mais de idade ocupadas na semana de referência,202204,4º trimestre 2022,47949,Construção
3,Unidade da Federação,1572,Mil pessoas,203,28,Sergipe,4090,Pessoas de 14 anos ou mais de idade ocupadas na semana de referência,202204,4º trimestre 2022,47950,"Comércio, reparação de veículos automotores e motocicletas"
3,Unidade da Federação,1572,Mil pessoas,40,28,Sergipe,4090,Pessoas de 14 anos ou mais de idade ocupadas na semana de referência,202204,4º trimestre 2022,56622,"Transporte, armazenagem e correio"
3,Unidade da Federação,1572,Mil pessoas,49,28,Sergipe,4090,Pessoas de 14 anos ou mais de idade ocupadas na semana de referência,202204,4º trimestre 2022,56623,Alojamento e alimentação
3,Unidade da Federação,1572,Mil pessoas,90,28,Sergipe,4090,Pessoas de 14 anos ou mais de idade ocupadas na semana de referência,202204,4º trimestre 2022,56624,"Informação, comunicação e atividades financeiras, imobiliárias, profissionais e administrativas"
3,Unidade da Federação,1572,Mil pessoas,191,28,Sergipe,4090,Pessoas de 14 anos ou mais de idade ocupadas na semana de referência,202204,4º trimestre 2022,60032,"Administração pública, defesa, seguridade social, educação, saúde humana e serviços sociais"
3,Unidade da Federação,2,%,16.6,28,Sergipe,4108,Distribuição percentual das pessoas de 14 anos ou mais de idade ocupadas na semana de referência,201204,4º trimestre 2012,47947,"Agricultura, pecuária, produção florestal, pesca e aquicultura"
3,Unidade da Federação,2,%,11.8,28,Sergipe,4108,Distribuição percentual das pessoas de 14 anos ou mais de idade ocupadas na semana de referência,201204,4º trimestre 2012,47948,Indústria geral
3,Unidade da Federação,2,%,9.7,28,Sergipe,4108,Distribuição percentual das pessoas de 14 anos ou mais de idade ocupadas na semana de referência,201204,4º trimestre 2012,47949,Construção
3,Unidade da Federação,2,%,18.9,28,Sergipe,4108,Distribuição percentual das pessoas de 14 anos ou mais de idade ocupadas na semana de referência,201204,4º trimestre 2012,47950,"Comércio, reparação de veículos automotores e motocicletas"
3,Unidade da Federação,2,%,4.5,28,Sergipe,4108,Distribuição percentual das pessoas de 14 anos ou mais de idade ocupadas na semana de referência,201204,4º trimestre 2012,56622,"Transporte, armazenagem e correio"
3,Unidade da Federação,2,%,4.4,28,Sergipe,4108,Distribuição percentual das pessoas de 14 anos ou mais de idade ocupadas na semana de referência,201204,4º trimestre 2012,56623,Alojamento e alimentação
3,Unidade da Federação,2,%,7.5,28,Sergipe,4108,Distribuição percentual das pessoas de 14 anos ou mais de idade ocupadas na semana de referência,201204,4º trimestre 2012,56624,"Informação, comunicação e atividades financeiras, imobiliárias, profissionais e administrativas"
3,Unidade da Federação,2,%,16.1,28,Sergipe,4108,Distribuição percentual das pessoas de 14 anos ou mais de idade ocupadas na semana de referência,201204,4º trimestre 2012,60032,"Administração pública, defesa, seguridade social, educação, saúde humana e serviços sociais"
3,Unidade da Federação,2,%,16.6,28,Sergipe,4108,Distribuição percentual das pessoas de 14 anos ou mais de idade ocupadas na semana de referência,201304,4º trimestre 2013,47947,"Agricultura, pecuária, produção florestal, pesca e aquicultura"
3,Unidade da Federação,2,%,10.6,28,Sergipe,4108,Distribuição percentual das pessoas de 14 anos ou mais de idade ocupadas na semana de referência,201304,4º trimestre 2013,47948,Indústria geral
3,Unidade da Federação,2,%,8.7,28,Sergipe,4108,Distribuição percentual das pessoas de 14 anos ou mais de idade ocupadas na semana de referência,201304,4º trimestre 2013,47949,Construção
3,Unidade da Federação,2,%,20.3,28,Sergipe,4108,Distribuição percentual das pessoas de 14 anos ou mais de idade ocupadas na semana de referência,201304,4º trimestre 2013,47950,"Comércio, reparação de veículos automotores e motocicletas"
3,Unidade da Federação,2,%,4.8,28,Sergipe,4108,Distribuição percentual das pessoas de 14 anos ou mais de idade ocupadas na semana de referência,201304,4º trimestre 2013,56622,"Transporte, armazenagem e correio"
3,Unidade da Federação,2,%,3.6,28,Sergipe,4108,Distribuição percentual das pessoas de 14 anos ou mais de idade ocupadas na semana de referência,201304,4º trimestre 2013,56623,Alojamento e alimentação
3,Unidade da Federação,2,%,7.8,28,Sergipe,4108,Distribuição percentual das pessoas de 14 anos ou mais de idade ocupadas na semana de referência,201304,4º trimestre 2013,56624,"Informação, comunicação e atividades financeiras, imobiliárias, profissionais e administrativas"
3,Unidade da Federação,2,%,17.1,28,Sergipe,4108,Distribuição percentual das pessoas de 14 anos ou mais de idade ocupadas na semana de referência,201304,4º trimestre 2013,60032,"Administração pública, defesa, seguridade social, educação, saúde humana e serviços sociais"
3,Unidade da Federação,2,%,16.8,28,Sergipe,4108,Distribuição percentual das pessoas de 14 anos ou mais de idade ocupadas na semana de referência,201404,4º trimestre 2014,47947,"Agricultura, pecuária, produção florestal, pesca e aquicultura"
3,Unidade da Federação,2,%,10.5,28,Sergipe,4108,Distribuição percentual das pessoas de 14 anos ou mais de idade ocupadas na semana de referência,201404,4º trimestre 2014,47948,Indústria geral
3,Unidade da Federação,2,%,7.9,28,Sergipe,4108,Distribuição percentual das pessoas de 14 anos ou mais de idade ocupadas na semana de referência,201404,4º trimestre 2014,47949,Construção
3,Unidade da Federação,2,%,20.2,28,Sergipe,4108,Distribuição percentual das pessoas de 14 anos ou mais de idade ocupadas na semana de referência,201404,4º trimestre 2014,47950,"Comércio, reparação de veículos automotores e motocicletas"
3,Unidade da Federação,2,%,4.8,28,Sergipe,4108,Distribuição percentual das pessoas de 14 anos ou mais de idade ocupadas na semana de referência,201404,4º trimestre 2014,56622,"Transporte, armazenagem e correio"
3,Unidade da Federação,2,%,4.3,28,Sergipe,4108,Distribuição percentual das pessoas de 14 anos ou mais de idade ocupadas na semana de referência,201404,4º trimestre 2014,56623,Alojamento e alimentação
3,Unidade da Federação,2,%,8.8,28,Sergipe,4108,Distribuição percentual das pessoas de 14 anos ou mais de idade ocupadas na semana de referência,201404,4º trimestre 2014,56624,"Informação, comunicação e atividades financeiras, imobiliárias, profissionais e administrativas"
3,Unidade da Federação,2,%,17.4,28,Sergipe,4108,Distribuição percentual das pessoas de 14 anos ou mais de idade ocupadas na semana de referência,201404,4º trimestre 2014,60032,"Administração pública, defesa, seguridade social, educação, saúde humana e serviços sociais"
3,Unidade da Federação,2,%,17.9,28,Sergipe,4108,Distribuição percentual das pessoas de 14 anos ou mais de idade ocupadas na semana de referência,201504,4º trimestre 2015,47947,"Agricultura, pecuária, produção florestal, pesca e aquicultura"
3,Unidade da Federação,2,%,9.7,28,Sergipe,4108,Distribuição percentual das pessoas de 14 anos ou mais de idade ocupadas na semana de referência,201504,4º trimestre 2015,47948,Indústria geral
3,Unidade da Federação,2,%,8.9,28,Sergipe,4108,Distribuição percentual das pessoas de 14 anos ou mais de idade ocupadas na semana de referência,201504,4º trimestre 2015,47949,Construção
3,Unidade da Federação,2,%,20.6,28,Sergipe,4108,Distribuição percentual das pessoas de 14 anos ou mais de idade ocupadas na semana de referência,201504,4º trimestre 2015,47950,"Comércio, reparação de veículos automotores e motocicletas"
3,Unidade da Federação,2,%,4.5,28,Sergipe,4108,Distribuição percentual das pessoas de 14 anos ou mais de idade ocupadas na semana de referência,201504,4º trimestre 2015,56622,"Transporte, armazenagem e correio"
3,Unidade da Federação,2,%,4.1,28,Sergipe,4108,Distribuição percentual das pessoas de 14 anos ou mais de idade ocupadas na semana de referência,201504,4º trimestre 2015,56623,Alojamento e alimentação
3,Unidade da Federação,2,%,6.9,28,Sergipe,4108,Distribuição percentual das pessoas de 14 anos ou mais de idade ocupadas na semana de referência,201504,4º trimestre 2015,56624,"Informação, comunicação e atividades financeiras, imobiliárias, profissionais e administrativas"
3,Unidade da Federação,2,%,17.2,28,Sergipe,4108,Distribuição percentual das pessoas de 14 anos ou mais de idade ocupadas na semana de referência,201504,4º trimestre 2015,60032,"Administração pública, defesa, seguridade social, educação, saúde humana e serviços sociais"
3,Unidade da Federação,2,%,16.8,28,Sergipe,4108,Distribuição percentual das pessoas de 14 anos ou mais de idade ocupadas na semana de referência,201604,4º trimestre 2016,47947,"Agricultura, pecuária, produção florestal, pesca e aquicultura"
3,Unidade da Federação,2,%,8.6,28,Sergipe,4108,Distribuição percentual das pessoas de 14 anos ou mais de idade ocupadas na semana de referência,201604,4º trimestre 2016,47948,Indústria geral
3,Unidade da Federação,2,%,8.0,28,Sergipe,4108,Distribuição percentual das pessoas de 14 anos ou mais de idade ocupadas na semana de referência,201604,4º trimestre 2016,47949,Construção
3,Unidade da Federação,2,%,21.3,28,Sergipe,4108,Distribuição percentual das pessoas de 14 anos ou mais de idade ocupadas na semana de referência,201604,4º trimestre 2016,47950,"Comércio, reparação de veículos automotores e motocicletas"
3,Unidade da Federação,2,%,4.4,28,Sergipe,4108,Distribuição percentual das pessoas de 14 anos ou mais de idade ocupadas na semana de referência,201604,4º trimestre 2016,56622,"Transporte, armazenagem e correio"
3,Unidade da Federação,2,%,5.3,28,Sergipe,4108,Distribuição percentual das pessoas de 14 anos ou mais de idade ocupadas na semana de referência,201604,4º trimestre 2016,56623,Alojamento e alimentação
3,Unidade da Federação,2,%,7.6,28,Sergipe,4108,Distribuição percentual das pessoas de 14 anos ou mais de idade ocupadas na semana de referência,201604,4º trimestre 2016,56624,"Informação, comunicação e atividades financeiras, imobiliárias, profissionais e administrativas"
3,Unidade da Federação,2,%,17.8,28,Sergipe,4108,Distribuição percentual das pessoas de 14 anos ou mais de idade ocupadas na semana de referência,201604,4º trimestre 2016,60032,"Administração pública, defesa, seguridade social, educação, saúde humana e serviços sociais"
3,Unidade da Federação,2,%,15.3,28,Sergipe,4108,Distribuição percentual das pessoas de 14 anos ou mais de idade ocupadas na semana de referência,201704,4º trimestre 2017,47947,"Agricultura, pecuária, produção florestal, pesca e aquicultura"
3,Unidade da Federação,2,%,8.9,28,Sergipe,4108,Distribuição percentual das pessoas de 14 anos ou mais de idade ocupadas na semana de referência,201704,4º trimestre 2017,47948,Indústria geral
3,Unidade da Federação,2,%,7.8,28,Sergipe,4108,Distribuição percentual das pessoas de 14 anos ou mais de idade ocupadas na semana de referência,201704,4º trimestre 2017,47949,Construção
3,Unidade da Federação,2,%,21.3,28,Sergipe,4108,Distribuição percentual das pessoas de 14 anos ou mais de idade ocupadas na semana de referência,201704,4º trimestre 2017,47950,"Comércio, reparação de veículos automotores e motocicletas"
3,Unidade da Federação,2,%,4.3,28,Sergipe,4108,Distribuição percentual das pessoas de 14 anos ou mais de idade ocupadas na semana de referência,201704,4º trimestre 2017,56622,"Transporte, armazenagem e correio"
3,Unidade da Federação,2,%,5.0,28,Sergipe,4108,Distribuição percentual das pessoas de 14 anos ou mais de idade ocupadas na semana de referência,201704,4º trimestre 2017,56623,Alojamento e alimentação
3,Unidade da Federação,2,%,8.6,28,Sergipe,4108,Distribuição percentual das pessoas de 14 anos ou mais de idade ocupadas na semana de referência,201704,4º trimestre 2017,56624,"Informação, comunicação e atividades financeiras, imobiliárias, profissionais e administrativas"
3,Unidade da Federação,2,%,16.9,28,Sergipe,4108,Distribuição percentual das pessoas de 14 anos ou mais de idade ocupadas na semana de referência,201704,4º trimestre 2017,60032,"Administração pública, defesa, seguridade social, educação, saúde humana e serviços sociais"
3,Unidade da Federação,2,%,13.2,28,Sergipe,4108,Distribuição percentual das pessoas de 14 anos ou mais de idade ocupadas na semana de referência,201804,4º trimestre 2018,47947,"Agricultura, pecuária, produção florestal, pesca e aquicultura"
3,Unidade da Federação,2,%,9.8,28,Sergipe,4108,Distribuição percentual das pessoas de 14 anos ou mais de idade ocupadas na semana de referência,201804,4º trimestre 2018,47948,Indústria geral
3,Unidade da Federação,2,%,7.2,28,Sergipe,4108,Distribuição percentual das pessoas de 14 anos ou mais de idade ocupadas na semana de referência,201804,4º trimestre 2018,47949,Construção
3,Unidade da Federação,2,%,21.0,28,Sergipe,4108,Distribuição percentual das pessoas de 14 anos ou mais de idade ocupadas na semana de referência,201804,4º trimestre 2018,47950,"Comércio, reparação de veículos automotores e motocicletas"
3,Unidade da Federação,2,%,5.4,28,Sergipe,4108,Distribuição percentual das pessoas de 14 anos ou mais de idade ocupadas na semana de referência,201804,4º trimestre 2018,56622,"Transporte, armazenagem e correio"
3,Unidade da Federação,2,%,5.0,28,Sergipe,4108,Distribuição percentual das pessoas de 14 anos ou mais de idade ocupadas na semana de referência,201804,4º trimestre 2018,56623,Alojamento e alimentação
3,Unidade da Federação,2,%,9.0,28,Sergipe,4108,Distribuição percentual das pessoas de 14 anos ou mais de idade ocupadas na semana de referência,201804,4º trimestre 2018,56624,"Informação, comunicação e atividades financeiras, imobiliárias, profissionais e administrativas"
3,Unidade da Federação,2,%,17.4,28,Sergipe,4108,Distribuição percentual das pessoas de 14 anos ou mais de idade ocupadas na semana de referência,201804,4º trimestre 2018,60032,"Administração pública, defesa, seguridade social, educação, saúde humana e serviços sociais"
3,Unidade da Federação,2,%,13.4,28,Sergipe,4108,Distribuição percentual das pessoas de 14 anos ou mais de idade ocupadas na semana de referência,201904,4º trimestre 2019,47947,"Agricultura, pecuária, produção florestal, pesca e aquicultura"
3,Unidade da Federação,2,%,8.7,28,Sergipe,4108,Distribuição percentual das pessoas de 14 anos ou mais de idade ocupadas na semana de referência,201904,4º trimestre 2019,47948,Indústria geral
3,Unidade da Federação,2,%,7.9,28,Sergipe,4108,Distribuição percentual das pessoas de 14 anos ou mais de idade ocupadas na semana de referência,201904,4º trimestre 2019,47949,Construção
3,Unidade da Federação,2,%,19.9,28,Sergipe,4108,Distribuição percentual das pessoas de 14 anos ou mais de idade ocupadas na semana de referência,201904,4º trimestre 2019,47950,"Comércio, reparação de veículos automotores e motocicletas"
3,Unidade da Federação,2,%,4.8,28,Sergipe,4108,Distribuição percentual das pessoas de 14 anos ou mais de idade ocupadas na semana de referência,201904,4º trimestre 2019,56622,"Transporte, armazenagem e correio"
3,Unidade da Federação,2,%,5.5,28,Sergipe,4108,Distribuição percentual das pessoas de 14 anos ou mais de idade ocupadas na semana de referência,201904,4º trimestre 2019,56623,Alojamento e alimentação
3,Unidade da Federação,2,%,9.8,28,Sergipe,4108,Distribuição percentual das pessoas de 14 anos ou mais de idade ocupadas na semana de referência,201904,4º trimestre 2019,56624,"Informação, comunicação e atividades financeiras, imobiliárias, profissionais e administrativas"
3,Unidade da Federação,2,%,17.9,28,Sergipe,4108,Distribuição percentual das pessoas de 14 anos ou mais de idade ocupadas na semana de referência,201904,4º trimestre 2019,60032,"Administração pública, defesa, seguridade social, educação, saúde humana e serviços sociais"
3,Unidade da Federação,2,%,16.3,28,Sergipe,4108,Distribuição percentual das pessoas de 14 anos ou mais de idade ocupadas na semana de referência,202004,4º trimestre 2020,47947,"Agricultura, pecuária, produção florestal, pesca e aquicultura"
3,Unidade da Federação,2,%,8.5,28,Sergipe,4108,Distribuição percentual das pessoas de 14 anos ou mais de idade ocupadas na semana de referência,202004,4º trimestre 2020,47948,Indústria geral
3,Unidade da Federação,2,%,6.7,28,Sergipe,4108,Distribuição percentual das pessoas de 14 anos ou mais de idade ocupadas na semana de referência,202004,4º trimestre 2020,47949,Construção
3,Unidade da Federação,2,%,18.5,28,Sergipe,4108,Distribuição percentual das pessoas de 14 anos ou mais de idade ocupadas na semana de referência,202004,4º trimestre 2020,47950,"Comércio, reparação de veículos automotores e motocicletas"
3,Unidade da Federação,2,%,4.4,28,Sergipe,4108,Distribuição percentual das pessoas de 14 anos ou mais de idade ocupadas na semana de referência,202004,4º trimestre 2020,56622,"Transporte, armazenagem e correio"
3,Unidade da Federação,2,%,5.4,28,Sergipe,4108,Distribuição percentual das pessoas de 14 anos ou mais de idade ocupadas na semana de referência,202004,4º trimestre 2020,56623,Alojamento e alimentação
3,Unidade da Federação,2,%,11.5,28,Sergipe,4108,Distribuição percentual das pessoas de 14 anos ou mais de idade ocupadas na semana de referência,202004,4º trimestre 2020,56624,"Informação, comunicação e atividades financeiras, imobiliárias, profissionais e administrativas"
3,Unidade da Federação,2,%,19.9,28,Sergipe,4108,Distribuição percentual das pessoas de 14 anos ou mais de idade ocupadas na semana de referência,202004,4º trimestre 2020,60032,"Administração pública, defesa, seguridade social, educação, saúde humana e serviços sociais"
3,Unidade da Federação,2,%,15.1,28,Sergipe,4108,Distribuição percentual das pessoas de 14 anos ou mais de idade ocupadas na semana de referência,202104,4º trimestre 2021,47947,"Agricultura, pecuária, produção florestal, pesca e aquicultura"
3,Unidade da Federação,2,%,8.8,28,Sergipe,4108,Distribuição percentual das pessoas de 14 anos ou mais de idade ocupadas na semana de referência,202104,4º trimestre 2021,47948,Indústria geral
3,Unidade da Federação,2,%,6.8,28,Sergipe,4108,Distribuição percentual das pessoas de 14 anos ou mais de idade ocupadas na semana de referência,202104,4º trimestre 2021,47949,Construção
3,Unidade da Federação,2,%,21.5,28,Sergipe,4108,Distribuição percentual das pessoas de 14 anos ou mais de idade ocupadas na semana de referência,202104,4º trimestre 2021,47950,"Comércio, reparação de veículos automotores e motocicletas"
3,Unidade da Federação,2,%,4.3,28,Sergipe,4108,Distribuição percentual das pessoas de 14 anos ou mais de idade ocupadas na semana de referência,202104,4º trimestre 2021,56622,"Transporte, armazenagem e correio"
3,Unidade da Federação,2,%,4.4,28,Sergipe,4108,Distribuição percentual das pessoas de 14 anos ou mais de idade ocupadas na semana de referência,202104,4º trimestre 2021,56623,Alojamento e alimentação
3,Unidade da Federação,2,%,9.5,28,Sergipe,4108,Distribuição percentual das pessoas de 14 anos ou mais de idade ocupadas na semana de referência,202104,4º trimestre 2021,56624,"Informação, comunicação e atividades financeiras, imobiliárias, profissionais e administrativas"
3,Unidade da Federação,2,%,18.2,28,Sergipe,4108,Distribuição percentual das pessoas de 14 anos ou mais de idade ocupadas na semana de referência,202104,4º trimestre 2021,60032,"Administração pública, defesa, seguridade social, educação, saúde humana e serviços sociais"
3,Unidade da Federação,2,%,13.0,28,Sergipe,4108,Distribuição percentual das pessoas de 14 anos ou mais de idade ocupadas na semana de referência,202204,4º trimestre 2022,47947,"Agricultura, pecuária, produção florestal, pesca e aquicultura"
3,Unidade da Federação,2,%,8.2,28,Sergipe,4108,Distribuição percentual das pessoas de 14 anos ou mais de idade ocupadas na semana de referência,202204,4º trimestre 2022,47948,Indústria geral
3,Unidade da Federação,2,%,7.9,28,Sergipe,4108,Distribuição percentual das pessoas de 14 anos ou mais de idade ocupadas na semana de referência,202204,4º trimestre 2022,47949,Construção
3,Unidade da Federação,2,%,21.0,28,Sergipe,4108,Distribuição percentual das pessoas de 14 anos ou mais de idade ocupadas na semana de referência,202204,4º trimestre 2022,47950,"Comércio, reparação de veículos automotores e motocicletas"
3,Unidade da Federação,2,%,4.1,28,Sergipe,4108,Distribuição percentual das pessoas de 14 anos ou mais de idade ocupadas na semana de referência,202204,4º trimestre 2022,56622,"Transporte, armazenagem e correio"
3,Unidade da Federação,2,%,5.1,28,Sergipe,4108,Distribuição percentual das pessoas de 14 anos ou mais de idade ocupadas na semana de referência,202204,4º trimestre 2022,56623,Alojamento e alimentação
3,Unidade da Federação,2,%,9.4,28,Sergipe,4108,Distribuição percentual das pessoas de 14 anos ou mais de idade ocupadas na semana de referência,202204,4º trimestre 2022,56624,"Informação, comunicação e atividades financeiras, imobiliárias, profissionais e administrativas"
3,Unidade da Federação,2,%,19.8,28,Sergipe,4108,Distribuição percentual das pessoas de 14 anos ou mais de idade ocupadas na semana de referência,202204,4º trimestre 2022,60032,"Administração pública, defesa, seguridade social, educação, saúde humana e serviços sociais"
