Nível Territorial (Código),Nível Territorial,Unidade de Medida (Código),Unidade de Medida,Valor,Unidade da Federação (Código),Unidade da Federação,Variável (Código),Variável,Ano (Código),Ano
3,Unidade da Federação,45,Pessoas,25612,28,Sergipe,631,Pessoal ocupado em 31/12,2010,2010
3,Unidade da Federação,45,Pessoas,29390,28,Sergipe,631,Pessoal ocupado em 31/12,2011,2011
3,Unidade da Federação,45,Pessoas,30113,28,Sergipe,631,Pessoal ocupado em 31/12,2012,2012
3,Unidade da Federação,45,Pessoas,30034,28,Sergipe,631,Pessoal ocupado em 31/12,2013,2013
3,Unidade da Federação,45,Pessoas,31834,28,Sergipe,631,Pessoal ocupado em 31/12,2014,2014
3,Unidade da Federação,45,Pessoas,30633,28,Sergipe,631,Pessoal ocupado em 31/12,2015,2015
3,Unidade da Federação,45,Pessoas,20058,28,Sergipe,631,Pessoal ocupado em 31/12,2016,2016
3,Unidade da Federação,45,Pessoas,17367,28,Sergipe,631,Pessoal ocupado em 31/12,2017,2017
3,Unidade da Federação,45,Pessoas,17844,28,Sergipe,631,Pessoal ocupado em 31/12,2018,2018
3,Unidade da Federação,45,Pessoas,14574,28,Sergipe,631,Pessoal ocupado em 31/12,2019,2019
3,Unidade da Federação,45,Pessoas,13056,28,Sergipe,631,Pessoal ocupado em 31/12,2020,2020
3,Unidade da Federação,45,Pessoas,13113,28,Sergipe,631,Pessoal ocupado em 31/12,2021,2021
3,Unidade da Federação,1020,Unidades,265,28,Sergipe,1243,Empresas - unidades da federação de origem - sede,2010,2010
3,Unidade da Federação,1020,Unidades,374,28,Sergipe,1243,Empresas - unidades da federação de origem - sede,2011,2011
3,Unidade da Federação,1020,Unidades,303,28,Sergipe,1243,Empresas - unidades da federação de origem - sede,2012,2012
3,Unidade da Federação,1020,Unidades,385,28,Sergipe,1243,Empresas - unidades da federação de origem - sede,2013,2013
3,Unidade da Federação,1020,Unidades,422,28,Sergipe,1243,Empresas - unidades da federação de origem - sede,2014,2014
3,Unidade da Federação,1020,Unidades,467,28,Sergipe,1243,Empresas - unidades da federação de origem - sede,2015,2015
3,Unidade da Federação,1020,Unidades,452,28,Sergipe,1243,Empresas - unidades da federação de origem - sede,2016,2016
3,Unidade da Federação,1020,Unidades,359,28,Sergipe,1243,Empresas - unidades da federação de origem - sede,2017,2017
3,Unidade da Federação,1020,Unidades,377,28,Sergipe,1243,Empresas - unidades da federação de origem - sede,2018,2018
3,Unidade da Federação,1020,Unidades,293,28,Sergipe,1243,Empresas - unidades da federação de origem - sede,2019,2019
3,Unidade da Federação,1020,Unidades,349,28,Sergipe,1243,Empresas - unidades da federação de origem - sede,2020,2020
3,Unidade da Federação,1020,Unidades,408,28,Sergipe,1243,Empresas - unidades da federação de origem - sede,2021,2021
