Nível Territorial (Código),Nível Territorial,Unidade de Medida (Código),Unidade de Medida,Valor,Unidade da Federação (Código),Unidade da Federação,Variável (Código),Variável,Ano (Código),Ano
3,Unidade da Federação,45,Pessoas,41336,28,Sergipe,631,Pessoal ocupado em 31/12,2010,2010
3,Unidade da Federação,45,Pessoas,45552,28,Sergipe,631,Pessoal ocupado em 31/12,2011,2011
3,Unidade da Federação,45,Pessoas,48410,28,Sergipe,631,Pessoal ocupado em 31/12,2012,2012
3,Unidade da Federação,45,Pessoas,50316,28,Sergipe,631,Pessoal ocupado em 31/12,2013,2013
3,Unidade da Federação,45,Pessoas,49325,28,Sergipe,631,Pessoal ocupado em 31/12,2014,2014
3,Unidade da Federação,45,Pessoas,49879,28,Sergipe,631,Pessoal ocupado em 31/12,2015,2015
3,Unidade da Federação,45,Pessoas,43391,28,Sergipe,631,Pessoal ocupado em 31/12,2016,2016
3,Unidade da Federação,45,Pessoas,43552,28,Sergipe,631,Pessoal ocupado em 31/12,2017,2017
3,Unidade da Federação,45,Pessoas,42627,28,Sergipe,631,Pessoal ocupado em 31/12,2018,2018
3,Unidade da Federação,45,Pessoas,40614,28,Sergipe,631,Pessoal ocupado em 31/12,2019,2019
3,Unidade da Federação,45,Pessoas,41162,28,Sergipe,631,Pessoal ocupado em 31/12,2020,2020
3,Unidade da Federação,45,Pessoas,39355,28,Sergipe,631,Pessoal ocupado em 31/12,2021,2021
3,Unidade da Federação,1020,Unidades,881,28,Sergipe,706,Número de unidades locais,2010,2010
3,Unidade da Federação,1020,Unidades,1043,28,Sergipe,706,Número de unidades locais,2011,2011
3,Unidade da Federação,1020,Unidades,955,28,Sergipe,706,Número de unidades locais,2012,2012
3,Unidade da Federação,1020,Unidades,1126,28,Sergipe,706,Número de unidades locais,2013,2013
3,Unidade da Federação,1020,Unidades,1090,28,Sergipe,706,Número de unidades locais,2014,2014
3,Unidade da Federação,1020,Unidades,1119,28,Sergipe,706,Número de unidades locais,2015,2015
3,Unidade da Federação,1020,Unidades,1157,28,Sergipe,706,Número de unidades locais,2016,2016
3,Unidade da Federação,1020,Unidades,1096,28,Sergipe,706,Número de unidades locais,2017,2017
3,Unidade da Federação,1020,Unidades,991,28,Sergipe,706,Número de unidades locais,2018,2018
3,Unidade da Federação,1020,Unidades,1018,28,Sergipe,706,Número de unidades locais,2019,2019
3,Unidade da Federação,1020,Unidades,1023,28,Sergipe,706,Número de unidades locais,2020,2020
3,Unidade da Federação,1020,Unidades,1062,28,Sergipe,706,Número de unidades locais,2021,2021
