Nível Territorial (Código),Nível Territorial,Unidade de Medida (Código),Unidade de Medida,Valor,"Brasil, Grande Região e Unidade da Federação (Código)","Brasil, Grande Região e Unidade da Federação",Variável (Código),Variável,Trimestre (Código),Trimestre,Cor ou raça (Código),Cor ou raça
1,Brasil,2,%,6.9,1,Brasil,4099,"Taxa de desocupação, na semana de referência, das pessoas de 14 anos ou mais de idade",201204,4º trimestre 2012,95251,Total
1,Brasil,2,%,6.3,1,Brasil,4099,"Taxa de desocupação, na semana de referência, das pessoas de 14 anos ou mais de idade",201304,4º trimestre 2013,95251,Total
1,Brasil,2,%,6.6,1,Brasil,4099,"Taxa de desocupação, na semana de referência, das pessoas de 14 anos ou mais de idade",201404,4º trimestre 2014,95251,Total
1,Brasil,2,%,9.1,1,Brasil,4099,"Taxa de desocupação, na semana de referência, das pessoas de 14 anos ou mais de idade",201504,4º trimestre 2015,95251,Total
1,Brasil,2,%,12.2,1,Brasil,4099,"Taxa de desocupação, na semana de referência, das pessoas de 14 anos ou mais de idade",201604,4º trimestre 2016,95251,Total
1,Brasil,2,%,11.9,1,Brasil,4099,"Taxa de desocupação, na semana de referência, das pessoas de 14 anos ou mais de idade",201704,4º trimestre 2017,95251,Total
1,Brasil,2,%,11.7,1,Brasil,4099,"Taxa de desocupação, na semana de referência, das pessoas de 14 anos ou mais de idade",201804,4º trimestre 2018,95251,Total
1,Brasil,2,%,11.1,1,Brasil,4099,"Taxa de desocupação, na semana de referência, das pessoas de 14 anos ou mais de idade",201904,4º trimestre 2019,95251,Total
1,Brasil,2,%,14.2,1,Brasil,4099,"Taxa de desocupação, na semana de referência, das pessoas de 14 anos ou mais de idade",202004,4º trimestre 2020,95251,Total
1,Brasil,2,%,11.1,1,Brasil,4099,"Taxa de desocupação, na semana de referência, das pessoas de 14 anos ou mais de idade",202104,4º trimestre 2021,95251,Total
1,Brasil,2,%,7.9,1,Brasil,4099,"Taxa de desocupação, na semana de referência, das pessoas de 14 anos ou mais de idade",202204,4º trimestre 2022,95251,Total
2,Grande Região,2,%,9.4,2,Nordeste,4099,"Taxa de desocupação, na semana de referência, das pessoas de 14 anos ou mais de idade",201204,4º trimestre 2012,95251,Total
2,Grande Região,2,%,8.0,2,Nordeste,4099,"Taxa de desocupação, na semana de referência, das pessoas de 14 anos ou mais de idade",201304,4º trimestre 2013,95251,Total
2,Grande Região,2,%,8.3,2,Nordeste,4099,"Taxa de desocupação, na semana de referência, das pessoas de 14 anos ou mais de idade",201404,4º trimestre 2014,95251,Total
2,Grande Região,2,%,10.6,2,Nordeste,4099,"Taxa de desocupação, na semana de referência, das pessoas de 14 anos ou mais de idade",201504,4º trimestre 2015,95251,Total
2,Grande Região,2,%,14.5,2,Nordeste,4099,"Taxa de desocupação, na semana de referência, das pessoas de 14 anos ou mais de idade",201604,4º trimestre 2016,95251,Total
2,Grande Região,2,%,14.0,2,Nordeste,4099,"Taxa de desocupação, na semana de referência, das pessoas de 14 anos ou mais de idade",201704,4º trimestre 2017,95251,Total
2,Grande Região,2,%,14.5,2,Nordeste,4099,"Taxa de desocupação, na semana de referência, das pessoas de 14 anos ou mais de idade",201804,4º trimestre 2018,95251,Total
2,Grande Região,2,%,13.8,2,Nordeste,4099,"Taxa de desocupação, na semana de referência, das pessoas de 14 anos ou mais de idade",201904,4º trimestre 2019,95251,Total
2,Grande Região,2,%,...,2,Nordeste,4099,"Taxa de desocupação, na semana de referência, das pessoas de 14 anos ou mais de idade",202004,4º trimestre 2020,95251,Total
2,Grande Região,2,%,...,2,Nordeste,4099,"Taxa de desocupação, na semana de referência, das pessoas de 14 anos ou mais de idade",202104,4º trimestre 2021,95251,Total
2,Grande Região,2,%,10.9,2,Nordeste,4099,"Taxa de desocupação, na semana de referência, das pessoas de 14 anos ou mais de idade",202204,4º trimestre 2022,95251,Total
3,Unidade da Federação,2,%,9.7,28,Sergipe,4099,"Taxa de desocupação, na semana de referência, das pessoas de 14 anos ou mais de idade",201204,4º trimestre 2012,95251,Total
3,Unidade da Federação,2,%,8.8,28,Sergipe,4099,"Taxa de desocupação, na semana de referência, das pessoas de 14 anos ou mais de idade",201304,4º trimestre 2013,95251,Total
3,Unidade da Federação,2,%,9.0,28,Sergipe,4099,"Taxa de desocupação, na semana de referência, das pessoas de 14 anos ou mais de idade",201404,4º trimestre 2014,95251,Total
3,Unidade da Federação,2,%,10.1,28,Sergipe,4099,"Taxa de desocupação, na semana de referência, das pessoas de 14 anos ou mais de idade",201504,4º trimestre 2015,95251,Total
3,Unidade da Federação,2,%,15.2,28,Sergipe,4099,"Taxa de desocupação, na semana de referência, das pessoas de 14 anos ou mais de idade",201604,4º trimestre 2016,95251,Total
3,Unidade da Federação,2,%,13.6,28,Sergipe,4099,"Taxa de desocupação, na semana de referência, das pessoas de 14 anos ou mais de idade",201704,4º trimestre 2017,95251,Total
3,Unidade da Federação,2,%,15.2,28,Sergipe,4099,"Taxa de desocupação, na semana de referência, das pessoas de 14 anos ou mais de idade",201804,4º trimestre 2018,95251,Total
3,Unidade da Federação,2,%,15.0,28,Sergipe,4099,"Taxa de desocupação, na semana de referência, das pessoas de 14 anos ou mais de idade",201904,4º trimestre 2019,95251,Total
3,Unidade da Federação,2,%,...,28,Sergipe,4099,"Taxa de desocupação, na semana de referência, das pessoas de 14 anos ou mais de idade",202004,4º trimestre 2020,95251,Total
3,Unidade da Federação,2,%,...,28,Sergipe,4099,"Taxa de desocupação, na semana de referência, das pessoas de 14 anos ou mais de idade",202104,4º trimestre 2021,95251,Total
3,Unidade da Federação,2,%,11.9,28,Sergipe,4099,"Taxa de desocupação, na semana de referência, das pessoas de 14 anos ou mais de idade",202204,4º trimestre 2022,95251,Total
